time,left_s0,left_s1,left_e0,left_e1,left_w0,left_w1,left_w2,right_s0,right_s1,right_e0,right_e1,right_w0,right_w1,right_w2
0.126005,0.792486011104,0.639423241578,0.0116821016102,-0.0327056916862,0.703259679221,0.0190952500775,0.709923610495,0.23697005658,-0.605698979203,-0.294471666534,0.316214682261,0.947252124797,0.0516418244259,-0.00740329391199
0.126161,0.792486011104,0.639423241578,0.0116821016102,-0.0327056916862,0.703259679221,0.0190952500775,0.709923610495,0.23697005658,-0.605698979203,-0.294471666534,0.316214682261,0.947252124797,0.0516418244259,-0.00740329391199
0.126275,0.792486011104,0.639423241578,0.0116821016102,-0.0327056916862,0.703259679221,0.0190952500775,0.709923610495,0.23697005658,-0.605698979203,-0.294471666534,0.316214682261,0.947252124797,0.0516418244259,-0.00740329391199
0.150218,0.791813449497,0.639517565653,0.0113288473689,-0.0335829804704,0.703344491006,0.0186843397723,0.709809556037,0.235950555021,-0.605632889973,-0.294904875595,0.316447369978,0.947176714713,0.0515590000229,-0.00768131861955
0.200310,0.792169977884,0.639365020787,0.0114251143761,-0.0334615735425,0.703284975591,0.0187896582485,0.709871477766,0.236090664914,-0.605778346912,-0.294783280114,0.316434446663,0.947187630071,0.051423642886,-0.00777453262906
0.251433,0.792297091668,0.63918849846,0.0115775143902,-0.0331409309123,0.703301677822,0.018613504493,0.709874612957,0.236174933831,-0.606033318343,-0.294663825174,0.316068535934,0.947319496311,0.0512650730139,-0.00763837620652
0.300225,0.791400153301,0.639336185444,0.0104112438012,-0.0336793682762,0.703864944592,0.0186464382902,0.709289891557,0.236276086828,-0.605610079148,-0.294782709818,0.31606120257,0.947309564181,0.0514406424743,-0.00798537053822
0.350264,0.79175147346,0.640013732805,0.011506745229,-0.0331184334298,0.703354704891,0.0192509342554,0.70980612142,0.236092320799,-0.606170049232,-0.294714297322,0.315714102036,0.947453109517,0.0509152900358,-0.00805259480924
0.400610,0.791877105268,0.639866667563,0.011762970672,-0.0331742267673,0.703123042299,0.0191303161022,0.710036258984,0.236152630782,-0.60607123874,-0.294682039554,0.316443539493,0.947200741562,0.0511460805824,-0.00763674919991
0.450589,0.792149103781,0.63948230052,0.0112864285743,-0.0331631158199,0.703437048824,0.0188975819016,0.709731926497,0.236308071905,-0.605966793558,-0.294664643028,0.315886867869,0.947380018869,0.0512648832563,-0.00764841810291
0.500873,0.791980561682,0.63911530756,0.0109272112727,-0.0331387287386,0.703728411939,0.0186718751869,0.709450144805,0.236030017191,-0.605877124548,-0.294815658624,0.315886637363,0.947379458488,0.0511912986964,-0.00820029931171
0.550367,0.792050743774,0.639509691984,0.0110776746521,-0.0334820270448,0.703459895559,0.0188702918007,0.709695034006,0.235903866542,-0.605981131527,-0.294677148566,0.315869541248,0.947385803478,0.0511824030347,-0.00818131398137
0.600223,0.79211628918,0.638816571962,0.011323109335,-0.0330276148096,0.703376807233,0.0184313591489,0.709810206116,0.235638424113,-0.605929684079,-0.294696898087,0.315879506857,0.947387939312,0.051071975674,-0.00823910762869
0.650270,0.791610968815,0.639415814554,0.0106983332195,-0.0335560010626,0.703765086233,0.0185520502982,0.709397293215,0.236079216284,-0.606247727454,-0.294557260786,0.316420856779,0.947212419066,0.0510299409019,-0.00790061358236
0.700221,0.791814802156,0.63948833996,0.011224905134,-0.0330717776768,0.703599304115,0.0187649937025,0.709578855224,0.236097620009,-0.605815867277,-0.294645585577,0.315872345489,0.947375799256,0.0514174961409,-0.00774580081613
0.750328,0.792272119302,0.638547782532,0.0110783353153,-0.0325861062216,0.70361610458,0.0186655934349,0.709587287569,0.236367449087,-0.605849305351,-0.294661547255,0.316057969301,0.947319267734,0.0512998733978,-0.00786689333358
0.800286,0.792373927786,0.638514159695,0.0112026824419,-0.0326071190138,0.703387443283,0.0183822792883,0.709820380258,0.23698786916,-0.605806720401,-0.294613603809,0.316252304418,0.94724442611,0.0516086115933,-0.00700202567589
0.850264,0.792381083859,0.639396137918,0.0119053203164,-0.0323929090548,0.703187561322,0.0191746377801,0.710007243844,0.236692455643,-0.605702570363,-0.294905439909,0.315907207488,0.947360415872,0.0515177884804,-0.00753632315269
0.900272,0.792155130714,0.638572519262,0.0110655786359,-0.0334142162203,0.703447848079,0.0180414837952,0.709731723998,0.236205164122,-0.605969457438,-0.294680681536,0.316252005989,0.947262135466,0.0511633621574,-0.00783746090856
0.950202,0.79181524762,0.639497472936,0.0110766879907,-0.0332214036631,0.70372824678,0.0186336466527,0.709447447127,0.236271523825,-0.605889480087,-0.294539851284,0.315861060888,0.947389420159,0.0511921814985,-0.00802728716928
1.000263,0.79181290285,0.639387990983,0.0111287157807,-0.0335056745053,0.703407848558,0.0184859086082,0.709755619595,0.23543967771,-0.605483100647,-0.294918872282,0.31624607693,0.947242322531,0.0514924344556,-0.00830243493789
1.050216,0.792534893514,0.6390426259,0.0119575478545,-0.0331440698767,0.702834481325,0.0187661281481,0.71033301692,0.235931963302,-0.606118021978,-0.294680769436,0.316252654243,0.947263157881,0.0511461905051,-0.00779971810331
1.100213,0.792137275832,0.639606742855,0.0115915706906,-0.033421056209,0.703144504872,0.0188673812859,0.710010464848,0.235996043125,-0.60554680066,-0.294905236415,0.315893093171,0.947360228493,0.0515587511736,-0.00786424402192
1.150224,0.791898420549,0.639743780588,0.0113599782492,-0.0331339920231,0.703488947239,0.0189825717147,0.70967957675,0.236881429826,-0.605816870014,-0.294630822659,0.316254477241,0.947248338085,0.0514999636268,-0.00717254259245
1.200286,0.792023087027,0.639635239674,0.0115718892812,-0.0335809276551,0.703144262313,0.0189220714416,0.710001706256,0.236171489966,-0.606041142624,-0.294664689235,0.31570552993,0.947441084202,0.0512576905572,-0.00761967824555
1.250293,0.792054713161,0.639312798194,0.0115008509966,-0.0325630672941,0.703386798882,0.0189979591342,0.709806829606,0.236248575534,-0.606031100713,-0.294803670479,0.316277259992,0.947251733538,0.0512566685997,-0.00745667794059
1.300341,0.791987962929,0.639074992562,0.0108807582621,-0.0325540760862,0.703797123137,0.0188440497284,0.709404499129,0.236013353754,-0.605560902478,-0.294764949625,0.316601509312,0.947122626697,0.0515730208825,-0.00790176031864
1.350269,0.791872390154,0.639132349332,0.0109646607858,-0.0333603237122,0.703536281478,0.018681859351,0.709630028661,0.236244750022,-0.605945499581,-0.294522156844,0.316040491997,0.947325187043,0.0513013023263,-0.00784689694769
1.400265,0.792563882923,0.638045223001,0.0107405139073,-0.0331428711975,0.703765607154,0.0180528432821,0.709429076882,0.235725162071,-0.606360963903,-0.294555135903,0.316048363142,0.947335469432,0.0510332596401,-0.00803410983986
1.450592,0.792167982756,0.639322784909,0.0114762307227,-0.0327943324199,0.703274129985,0.019003504574,0.709907667707,0.236110371273,-0.605738018837,-0.29480272556,0.315528912229,0.947495188235,0.0512999601863,-0.00791756938084
1.500283,0.791693822285,0.639485081835,0.0109734802522,-0.0327156875682,0.703579822047,0.0189097013984,0.709610837705,0.23616977995,-0.605028115254,-0.294881236072,0.316038852676,0.947294741401,0.0517790214001,-0.00842908392376
1.550267,0.79197720579,0.63910254921,0.0110822337593,-0.0331177823859,0.703456691573,0.0186689812695,0.709720624407,0.235957528043,-0.605670428833,-0.294767191834,0.316066921148,0.947304302344,0.0515514104991,-0.00766238815798
1.600272,0.791866002368,0.639134490281,0.0110558683618,-0.0334188203601,0.70358647061,0.0185856611679,0.709580040601,0.236405973223,-0.605725675767,-0.294799577971,0.315884182152,0.947375150155,0.0513069596385,-0.00806871905759
1.650197,0.792365896816,0.63865146525,0.011352816849,-0.032616382728,0.703379491034,0.0186272410435,0.709821448719,0.235598747542,-0.605545265319,-0.294915906771,0.316238232057,0.947243862336,0.0514940194657,-0.0084149753947
1.700626,0.791999960611,0.638965154874,0.0109688657411,-0.0331893472845,0.703681883347,0.0183743485633,0.709501696679,0.235829082582,-0.606120745115,-0.294696714092,0.316254491923,0.947266452081,0.0510476114802,-0.0079690941389
1.750210,0.791957821091,0.639252821673,0.0110406545469,-0.0333370458838,0.703490482457,0.0186944975326,0.709676192517,0.236010058681,-0.605743053832,-0.294781075685,0.316061235511,0.94730969532,0.0514442002582,-0.00794549054503
1.800261,0.79200937638,0.638907935477,0.0107235388465,-0.0338337557668,0.703606569579,0.0183837133789,0.709545707688,0.236430716487,-0.60633543845,-0.294545902281,0.316266318862,0.947266354691,0.0510977704045,-0.00714749483389
1.850247,0.791974337099,0.640039946515,0.0115417588509,-0.0336458185806,0.703315822182,0.0191640933928,0.709822196529,0.236489370908,-0.605404356265,-0.294770458545,0.315521874437,0.947485697752,0.0515491436439,-0.00771265823109
1.900223,0.792386732571,0.638528492506,0.0109498145971,-0.0325757444681,0.703745258247,0.0184797444638,0.709464538516,0.236705933734,-0.605375730437,-0.29473546249,0.315880593111,0.947356465186,0.0517741337529,-0.00739038843592
1.950258,0.791748529047,0.639265057863,0.0109981004715,-0.0332815055674,0.703633589909,0.0187915889697,0.709534346401,0.235821068692,-0.606093333881,-0.294797704793,0.316620722982,0.947132148322,0.0512922122558,-0.00781795085293
2.000258,0.792558265789,0.638736665647,0.011687832538,-0.0324769797423,0.703248873595,0.0184848269209,0.709960969876,0.23645540996,-0.606882135248,-0.294444152608,0.316096697371,0.947342106296,0.0507780002926,-0.00688521861662
2.050205,0.792367471608,0.638516524565,0.0112938780624,-0.0326655584563,0.703437719743,0.0182863463651,0.709770346852,0.235826925811,-0.605856765196,-0.294941368361,0.315728659632,0.947429870958,0.0512816351843,-0.00788967659815
2.100262,0.791852990932,0.639282509103,0.0109230418468,-0.0334446829382,0.703576455988,0.0188433332581,0.709581956193,0.235984212288,-0.6057888213,-0.294800179459,0.316073302207,0.947312695459,0.0513177815682,-0.00792527281177
2.150253,0.791770056827,0.638988835236,0.0108325313621,-0.0331263119985,0.703793239294,0.0184296612487,0.709392748316,0.2363856766,-0.606358569403,-0.294697863659,0.316269048341,0.947267651334,0.0509879844565,-0.00762307279214
2.200265,0.7921103103,0.638971276439,0.0109509275871,-0.0332792962372,0.703439155122,0.0185175722151,0.709734417231,0.236038191163,-0.60588011609,-0.294784633453,0.316626011665,0.947126178359,0.0514063119715,-0.00757377667683
2.250338,0.791688968149,0.639520421739,0.0111618930816,-0.0331570666232,0.703518084747,0.0188675982557,0.709652680614,0.236142866875,-0.605502263182,-0.294766635295,0.316056923151,0.947304977373,0.0515655026143,-0.00789304204248
2.300267,0.792035301233,0.638732589353,0.0113374917746,-0.0337096442516,0.703434407116,0.0181983960559,0.709727069478,0.236103719856,-0.606392607064,-0.294561637596,0.316077625414,0.947332610964,0.0509891710764,-0.00748086561147
2.350261,0.791832870365,0.639367315107,0.0113704282978,-0.0330940484047,0.703323509377,0.0189310489213,0.709846772553,0.236177348058,-0.606390502375,-0.294701474495,0.316467857607,0.94720419743,0.0509792462517,-0.00730889351662
2.400283,0.792545203878,0.638932548671,0.0113628445949,-0.0333134798643,0.703242259751,0.0183989605966,0.709930992709,0.236150040118,-0.605714143704,-0.294644202007,0.315862385161,0.947376518788,0.0514332641836,-0.00795642037149
2.450241,0.791883435505,0.638998717746,0.0108078059888,-0.033357464647,0.703680556337,0.0184351656935,0.709493550958,0.236543481752,-0.606436906571,-0.294702957669,0.315744077656,0.947448179531,0.0509469568524,-0.00721332903285
2.500208,0.791665967865,0.638912355147,0.0107604475426,-0.0337945012246,0.703682274063,0.0181567149883,0.709478345376,0.236394657044,-0.605294014688,-0.295043615833,0.315909614829,0.947352828961,0.0515847188481,-0.00792145812734
2.550310,0.792296462255,0.639179402956,0.0117257331707,-0.0329914357874,0.703172632169,0.0187449765055,0.710005943911,0.236188764945,-0.606055142861,-0.294524387876,0.316414003861,0.947203629819,0.0512721434492,-0.00765696577366
2.600286,0.792032683376,0.63946320073,0.0107760681971,-0.032451650301,0.70393736448,0.0189903384746,0.709266130818,0.235852335072,-0.605664564727,-0.294775689266,0.31622263215,0.947250082683,0.0514882832774,-0.00833573386541
2.650322,0.792578700407,0.639517579456,0.0121050106859,-0.0328558269726,0.702881227144,0.0189159722325,0.710296178476,0.236671029521,-0.605666162613,-0.294611784518,0.316239918088,0.94724415959,0.0516523475542,-0.00726989157267
2.700273,0.79195588085,0.639267182351,0.0107510114224,-0.0334949338956,0.70361831271,0.0185694293017,0.70954530209,0.236463914888,-0.605624514883,-0.294804829833,0.315719862424,0.947432863843,0.0512980796786,-0.00777457403973
2.750293,0.791780880884,0.639815866403,0.0111545089854,-0.0338281453252,0.703368105345,0.0189675212115,0.70976700269,0.23584755714,-0.605688682033,-0.294784977175,0.316069366709,0.947308554717,0.051432358625,-0.00783390548521
2.800223,0.792250445815,0.638703364932,0.0108953305711,-0.0328136382386,0.703648983203,0.0186974238744,0.709543360143,0.235843865606,-0.605468991936,-0.294906474435,0.315900319538,0.947357728726,0.0515777360611,-0.00774977947273
2.850250,0.792135499806,0.639621226812,0.0113019333908,-0.0335789665872,0.703272371533,0.0187422806536,0.709879673858,0.235310288854,-0.605715741625,-0.294932461761,0.316613266575,0.947125211604,0.0513785458835,-0.00837364887692
2.900211,0.792712828889,0.638497152243,0.0115471564514,-0.0328169710915,0.703221082044,0.0183660775886,0.709975945628,0.23567920711,-0.605406228,-0.294902894349,0.315880664684,0.947359720398,0.0516026639507,-0.00813209195833
2.950204,0.792009804254,0.639768224341,0.0110456671884,-0.0332533355417,0.703516799329,0.0191350892455,0.709642288126,0.236950697409,-0.606448588862,-0.294582717519,0.315549526652,0.947519402969,0.0508100466462,-0.0073359653489
3.000331,0.79237690702,0.639431097026,0.0118676433406,-0.0329126457812,0.702932034063,0.0191004877381,0.710238329439,0.236320698287,-0.605122100905,-0.294888398707,0.315514844278,0.947476293999,0.0517177103625,-0.00802083447304
3.050368,0.792045211762,0.639473766999,0.0112132118589,-0.0328797101588,0.703635824794,0.0189864171845,0.709545676253,0.235755669415,-0.606297248623,-0.2945718422,0.316413515011,0.947217338335,0.0509299378526,-0.00824274874844
3.100208,0.791852479254,0.639273546946,0.0110712692031,-0.0334300833079,0.703441119663,0.0188388202701,0.709716929169,0.236038274782,-0.606054451863,-0.294799840245,0.316630308896,0.947130831408,0.0512832481359,-0.00764618496378
3.150367,0.792107551908,0.639852027287,0.0117513555891,-0.0332520095634,0.703146883921,0.0190793997915,0.710010380203,0.236121086658,-0.605942050962,-0.29467933742,0.316242416132,0.947263349135,0.0511704496682,-0.0080291160897
3.200276,0.791754721754,0.639141981508,0.0105583538749,-0.0332951645714,0.703775732837,0.0185575341564,0.709398877792,0.235984500503,-0.606016359201,-0.294679384873,0.315879448401,0.947385071339,0.0511649356264,-0.00799062223176
3.250336,0.792207539976,0.639087826808,0.0110704279637,-0.0329257463559,0.703493286362,0.0188903600414,0.709687428075,0.236220261262,-0.605719678099,-0.29478496392,0.315708162365,0.947430436754,0.0514175885494,-0.00775598578624
3.300264,0.792460753251,0.638773294073,0.011330915772,-0.03281061932,0.703407301038,0.0184620856654,0.709789252877,0.236395358725,-0.605812076876,-0.294649844213,0.316255168291,0.947252403978,0.05138818571,-0.00740311127286
3.350202,0.791787393684,0.638909013752,0.0102437775741,-0.0332151087601,0.704057655229,0.0186203215338,0.709121187308,0.23656104643,-0.606678336531,-0.294441674538,0.316077081076,0.947343777252,0.0508101275869,-0.00730598765597
3.400287,0.791976160767,0.639078632225,0.0108369622989,-0.032614537915,0.703710098934,0.0187558924053,0.709490384061,0.23691418385,-0.605808873541,-0.29447382776,0.316406598927,0.947191085852,0.0516141580569,-0.0072034524456
3.450221,0.79199982721,0.639757824391,0.0112917813854,-0.0332908261439,0.703295333888,0.0190363120896,0.709862671964,0.236261920856,-0.605413836147,-0.294906869555,0.315711400561,0.94742065135,0.0515567703977,-0.00789432570512
3.500261,0.791660379558,0.639029091538,0.0104322024443,-0.033385345205,0.703870599406,0.0184551754024,0.709303182368,0.236402532153,-0.606023876371,-0.294527353478,0.316242259001,0.947263382748,0.0512544827114,-0.00747631784268
3.550204,0.791394352129,0.64032869875,0.0110252265966,-0.0330998850707,0.703768271833,0.0196365108622,0.709386371881,0.235745015705,-0.606093307512,-0.294695343117,0.31624491579,0.947267631467,0.051054772674,-0.00816074748128
3.600280,0.791910343943,0.638702112524,0.0108475714599,-0.0329794526779,0.703525717931,0.018296024178,0.709668355931,0.236479735791,-0.606066906054,-0.294530324997,0.315889159757,0.947384164099,0.0512296417358,-0.00726692296007
3.650263,0.791548213369,0.639950372763,0.0108318004984,-0.0334824285996,0.703662292974,0.0191785932385,0.709486071733,0.236472754199,-0.606029505155,-0.294668041046,0.315906349436,0.947377873049,0.0512401015478,-0.00726608807888
3.700281,0.79247030548,0.638669213036,0.011277976783,-0.0330494479661,0.703309776799,0.0184070677525,0.709876236893,0.235935410369,-0.60611019887,-0.294679907519,0.316070705094,0.947323335191,0.051157993201,-0.00778894830931
3.750263,0.791863422135,0.639990586716,0.0113851982821,-0.0328318056925,0.703360129628,0.0193386507635,0.709811677258,0.236230018919,-0.606288673626,-0.294700173769,0.316276369075,0.947265646257,0.0509966682226,-0.00750956827516
3.800285,0.792786328993,0.638727191878,0.0115348031016,-0.032293465723,0.703284193326,0.018712672092,0.709928384692,0.235945940272,-0.605083052642,-0.294880741342,0.315484791827,0.947478507486,0.051771906251,-0.00857284678954
3.850328,0.792115770517,0.638858015132,0.0105887946299,-0.0330942591725,0.703916987371,0.0184563137902,0.709270758866,0.2369690031,-0.605889560163,-0.294495179621,0.316247076327,0.947253749746,0.0514719563914,-0.00698269376017
3.900204,0.791975084097,0.639222786026,0.0107481430181,-0.0327145827871,0.703780695844,0.0189655162964,0.709410175725,0.236678715609,-0.605994835795,-0.294702152792,0.315358432932,0.947569426416,0.0510045715225,-0.00773140250155
3.950273,0.792088950249,0.639079334917,0.010960492318,-0.0328311658368,0.703462136829,0.0187567418146,0.709726229778,0.23642576964,-0.605568076927,-0.294606187429,0.316028661091,0.947307779599,0.0516962329981,-0.0078329798814
4.000214,0.791914067152,0.638724027897,0.0105443322783,-0.0330150138505,0.70393268137,0.0183038226081,0.709262827897,0.235763409674,-0.605608023694,-0.294919577768,0.316257865378,0.947241973548,0.0514692404067,-0.00803264761914
4.050281,0.79170424908,0.639510526627,0.0111209803639,-0.033166593634,0.703412361727,0.0189172640691,0.709755706956,0.235906820835,-0.605571405637,-0.294781845743,0.31624042591,0.947247742052,0.0514671326016,-0.00805248158767
4.100365,0.792042855595,0.639479087699,0.0110717857916,-0.0331577810282,0.703622090121,0.0187206185578,0.709553418913,0.2363140463,-0.606316215967,-0.294701440267,0.316285908023,0.947264358809,0.0509892813502,-0.00731793026415
4.150262,0.792062377098,0.639328757484,0.0111135067879,-0.0326685960144,0.703600821272,0.0189671815298,0.70959065183,0.235685671429,-0.606384929383,-0.29471356266,0.316441364368,0.947211768624,0.0508937838272,-0.00803436770705
4.200313,0.791633459349,0.640014322258,0.011248545922,-0.0327688209014,0.703471649512,0.0193940603159,0.709702552577,0.23559022698,-0.605658477056,-0.294658723023,0.316034257376,0.947319572543,0.0513581214057,-0.00838564293243
4.250206,0.791810275011,0.639619485334,0.0112909491248,-0.0330158729927,0.703404543162,0.0191076598679,0.70976538245,0.236172360926,-0.605264183987,-0.294768166777,0.315872870536,0.947364146306,0.0515897145522,-0.00800033163217
4.300251,0.79265392199,0.638987865973,0.0118665631573,-0.0324789637413,0.703225647127,0.0187901852438,0.709975869361,0.235880472082,-0.605854874432,-0.294643437069,0.316044380656,0.947316518283,0.0514248997394,-0.00792737855769
4.350208,0.791637595416,0.639110060366,0.0108863386614,-0.0326235869685,0.703500324916,0.018952444768,0.709692749895,0.236327480301,-0.605698894524,-0.294804873993,0.315538509287,0.947493895302,0.0512910323885,-0.00774580658103
4.400224,0.792040498781,0.637655087774,0.0109614358277,-0.0328182095049,0.703653009962,0.0177640336285,0.709563137293,0.236230895658,-0.605923706524,-0.29466159739,0.315694981516,0.94744092041,0.0512942355117,-0.00782830649421
4.450263,0.793284250403,0.637879523346,0.0137883702306,-0.0319861233251,0.701256822755,0.0178806750063,0.711966317964,0.236472960015,-0.606203877032,-0.294683199759,0.316273937813,0.947261314909,0.0511141453129,-0.0073581034177
4.500207,0.792852443733,0.638494113035,0.0152368561581,-0.0318385463964,0.700321424375,0.0183974303937,0.712879894569,0.236444625332,-0.605892392136,-0.294664596458,0.315886542205,0.947379506592,0.0512735306983,-0.00766733287829
4.550295,0.792570206594,0.638020151874,0.0148065416489,-0.0322871729862,0.700522343197,0.0176143113539,0.712682061776,0.236156376043,-0.606290843975,-0.294560306887,0.316067757059,0.94733336172,0.0510050809579,-0.00769132213368
4.600281,0.793577410869,0.638431413024,0.0170987325317,-0.0311275025849,0.698865517586,0.0184107191982,0.714338233844,0.236438854015,-0.60589783885,-0.294703042918,0.314992867467,0.947689515492,0.0510234428065,-0.00778999072917
4.650221,0.79311190357,0.640057055027,0.0191374714284,-0.031705383432,0.697261210257,0.0190266464808,0.715862808124,0.236661015908,-0.606038264811,-0.29464481619,0.316249559709,0.947254858043,0.0513753753909,-0.00741759405798
4.700218,0.793972612011,0.640026131802,0.020703740373,-0.0310775280787,0.696466774299,0.0192738606405,0.716656638735,0.23604522013,-0.60609197044,-0.294662142961,0.316431511312,0.947197834637,0.0512741051975,-0.0076372013705
4.750275,0.794557349985,0.639078099044,0.0202743132202,-0.0307430969695,0.696880448894,0.0188517588684,0.716280052162,0.236654577417,-0.605112888634,-0.29469773653,0.31549042482,0.947470212704,0.0520540342677,-0.00750768948446
4.800318,0.7942457745,0.639641339324,0.0202348406723,-0.0307957172367,0.696657278021,0.0193183146828,0.716482423719,0.23658148511,-0.606637767399,-0.294461113795,0.315353172127,0.947590513431,0.0506849209748,-0.00745885189802
4.850291,0.794601150416,0.638892179055,0.0186398743906,-0.0305890372774,0.698137319128,0.0186794961546,0.715066200336,0.237137242208,-0.605706615364,-0.294635052341,0.315347070471,0.947552312872,0.0514731846033,-0.007165946055
4.900272,0.795273544864,0.638877008715,0.0184515236909,-0.0306250202371,0.698514789399,0.0186683296532,0.714696222597,0.235921210026,-0.605995016411,-0.294536838345,0.316033146128,0.947330144718,0.0512014315602,-0.00818906969992
4.950715,0.796795800432,0.637487544944,0.0172678255458,-0.0296579562228,0.699605523634,0.0182256989498,0.713680839614,0.236085177344,-0.60541899689,-0.294782964007,0.315504418725,0.947491517883,0.0514664622916,-0.00824551781463
5.000295,0.79785603775,0.637377159397,0.0137062184057,-0.0300773641618,0.702306995778,0.0180210775945,0.711010180383,0.236005599387,-0.606115797648,-0.294820641656,0.316098014869,0.947316703927,0.0511407082216,-0.0075983826956
5.050281,0.799726397981,0.635779528607,0.0101145338098,-0.0301581869407,0.705060740218,0.0171739820623,0.708297176829,0.236318691041,-0.606170777323,-0.294541201355,0.316237006418,0.947269281619,0.051138548919,-0.00774032868697
5.100274,0.801887644355,0.63507923629,0.00574113123606,-0.0296720213217,0.708510263317,0.0169900020819,0.704871703045,0.236328560595,-0.605798662304,-0.294508270902,0.316227446306,0.947258671049,0.0514155874944,-0.00759273915806
5.150211,0.803525479748,0.63483152835,0.00156815089592,-0.029884150219,0.711699577307,0.0168416225431,0.701645928498,0.236307881464,-0.605792398864,-0.294649433305,0.315882568584,0.947375359103,0.0513880939438,-0.00757599039234
5.200292,0.806393255571,0.633204059763,-0.00678585220481,-0.0289875156721,0.717244461071,0.0163308247775,0.696026875315,0.236138769168,-0.606049337392,-0.294821459789,0.316279638795,0.947256010225,0.0511376045915,-0.00762801237108
5.250215,0.808643852433,0.631784929278,-0.0138924076569,-0.0275654533548,0.721712880954,0.0165106523541,0.691446354828,0.236388704933,-0.606002029075,-0.294666787523,0.315896767075,0.947379183638,0.0512474123586,-0.00745772668398
5.300310,0.813089768973,0.629968300728,-0.0148297117822,-0.0253162613205,0.720439681759,0.0162377550336,0.692865129135,0.235848482756,-0.605270576438,-0.29488195451,0.316594113764,0.947112721049,0.0517520408312,-0.00820896019343
5.350337,0.815181979252,0.628186219002,-0.0127821579806,-0.0229356213356,0.716177623398,0.0162054998766,0.69735281658,0.235980872716,-0.606663005368,-0.294437291446,0.316609435839,0.947161135421,0.0508630895411,-0.00756272491152
5.400255,0.821909672995,0.625667366164,0.00216850115659,-0.0161215791266,0.699758077533,0.0171747930255,0.713991424387,0.236318412559,-0.605943324775,-0.294662050205,0.316249231454,0.947257467526,0.051292870807,-0.00766519577674
5.450265,0.825406103717,0.622255590816,0.0198454605655,-0.01071695968,0.680880880968,0.0164961150602,0.732129941264,0.235651407069,-0.606135599478,-0.294536070708,0.316759992128,0.947088054283,0.0511884258004,-0.00818962059894
5.500206,0.828549612217,0.617439853667,0.0418871921769,-0.00408572738661,0.658034364076,0.0152151456089,0.752823074746,0.236296196892,-0.606034365122,-0.294544284301,0.315881175593,0.947388378677,0.0511485197192,-0.00762704299655
5.550296,0.82988075584,0.613011268816,0.0580441286962,0.00125101221175,0.64110815419,0.0141488510851,0.767319085917,0.236790190727,-0.605577559683,-0.294752030111,0.316257844512,0.947238636783,0.0516408981855,-0.007290981021
5.600205,0.831564365283,0.605830686231,0.0776963338947,0.00844200529967,0.621105357215,0.0116473036042,0.78359505365,0.23585971582,-0.605383465373,-0.295062681261,0.315556414527,0.947476762634,0.0514703468618,-0.00792066366519
5.650313,0.836898708284,0.602271321755,0.0831293473142,0.0130430707283,0.618799879886,0.0113504359261,0.785358360599,0.236353560481,-0.605827469824,-0.294800976054,0.315712461071,0.94743500765,0.0512928095052,-0.00784830536043
5.700284,0.842129056429,0.600008747515,0.0834214222587,0.0162822731383,0.622555219678,0.0109237750677,0.782330209803,0.235777336982,-0.60568312684,-0.294644201473,0.315860341258,0.947375741295,0.0514510988659,-0.00801461494166
5.750293,0.849616611406,0.595714496913,0.0880402955188,0.0217129421537,0.625480917098,0.0102366719088,0.779870105234,0.236296263903,-0.60562676561,-0.294604492705,0.316573240119,0.947125439022,0.0517039080956,-0.00784170174194
5.800219,0.855897998126,0.59086397091,0.0971004961411,0.0268549408367,0.624776755761,0.00897837644313,0.780289822034,0.236819972864,-0.606105789722,-0.294686930838,0.31592047232,0.947381525166,0.0510963961161,-0.00718743672082
5.850257,0.860707464991,0.583883537108,0.109170017114,0.0314341674849,0.621643955015,0.005665193458,0.782648447191,0.235889925341,-0.606598043337,-0.294573713591,0.316798633458,0.947095365639,0.0508795225346,-0.00776327319269
5.900210,0.864605665672,0.575093216967,0.121888829742,0.0359180137902,0.618248994026,0.00104794306352,0.785160480085,0.236185333769,-0.605772846993,-0.294798260564,0.315329870806,0.947558403745,0.0513099194371,-0.00821195692524
5.950213,0.867723184044,0.565056131193,0.13367718688,0.0387889805966,0.615794458576,-0.00463063297198,0.786937835543,0.236636669999,-0.606126311499,-0.294564911457,0.315714241537,0.947453495224,0.0509856337512,-0.00754037328087
6.000337,0.870600844644,0.553672741117,0.144612683813,0.040885285843,0.614483861447,-0.0112803349859,0.787788506812,0.23637524063,-0.606328880957,-0.294836425564,0.316104899803,0.94732242352,0.050989744901,-0.00761341791083
6.050269,0.872288264892,0.543607867226,0.154210969355,0.0434712821859,0.614589562918,-0.0169658406672,0.787465603711,0.236616204652,-0.605702090352,-0.294803477973,0.31516768262,0.947616781705,0.0512834739617,-0.00785952676185
6.100263,0.87335145897,0.532974711835,0.16269010293,0.0443688371392,0.615532667259,-0.023265343612,0.786517428678,0.236581907806,-0.606778155301,-0.294582708532,0.315932213254,0.947396348942,0.0507884124631,-0.00689433095065
6.150274,0.873140573384,0.524852965401,0.168551675952,0.0445127345694,0.61677268882,-0.028295659119,0.78537215539,0.235995471217,-0.605453628501,-0.294622717841,0.316019150859,0.947311883108,0.0516105050583,-0.00827334154493
6.200263,0.872584436875,0.512935572731,0.177094659783,0.0432843005765,0.618703741178,-0.0358582291366,0.783611088091,0.235901646884,-0.60612869236,-0.294799886269,0.316993831732,0.947009847574,0.0512716647127,-0.00764693655595
6.250249,0.871638204349,0.504841320068,0.184353588116,0.0393248609861,0.619648313128,-0.0414453779658,0.782797422065,0.236237819493,-0.605908000634,-0.294659861964,0.316057674046,0.947318882934,0.0513119913593,-0.00784603436106
6.300275,0.870842835007,0.496345086004,0.191180198409,0.0340198479232,0.620948943142,-0.047089431728,0.781695366097,0.23655154884,-0.605289619148,-0.294729400098,0.316041612946,0.947296686423,0.0518281947811,-0.00777978176144
6.350199,0.869918282704,0.488949853803,0.197968253574,0.0281985654579,0.621692788051,-0.052031352673,0.781022186964,0.236289092224,-0.605875526806,-0.294530799535,0.315695860099,0.947445154059,0.0512528121531,-0.00754673522554
6.400211,0.870121091358,0.481680398501,0.205966965882,0.0219972655573,0.620854418742,-0.0568327043262,0.781553552071,0.23589668787,-0.605769237678,-0.294799682462,0.315700673679,0.947435484071,0.051317708316,-0.00809820816081
6.450207,0.870492055933,0.473792528493,0.213360712668,0.0160738224744,0.620175594217,-0.0619947753225,0.781844301892,0.235858267639,-0.606067053685,-0.29467683607,0.316242139079,0.947263030382,0.05118442209,-0.0079884715277
6.500261,0.871534328652,0.464860375841,0.21974775001,0.0110042525137,0.61924977778,-0.0675588150086,0.782204848912,0.23606857795,-0.606043765892,-0.294680725667,0.316252330044,0.947262646743,0.0511547799504,-0.00781858785997
6.550276,0.873596982125,0.457616608547,0.226887821083,0.00522291714919,0.617377284047,-0.0714319882054,0.783399949796,0.236279242182,-0.605427925402,-0.294766582822,0.31587494952,0.94736504689,0.0515755724104,-0.00790218494522
6.600338,0.875887221808,0.452814605259,0.232102245359,0.000323283306597,0.615712431108,-0.0733820485813,0.784546475751,0.23647993139,-0.606241307495,-0.294545484645,0.315893457636,0.947388827419,0.0511064294397,-0.00733934428239
6.650208,0.879871475533,0.446395847743,0.236307582293,-0.00702507120504,0.615091149262,-0.0762735795947,0.784726619613,0.23649662487,-0.606208556706,-0.294565805667,0.315351502843,0.947575447977,0.0509696549474,-0.0075029540764
6.700319,0.883782124921,0.442922682229,0.238433818271,-0.012672340357,0.615054880766,-0.0770386679108,0.784609424544,0.236821107514,-0.605375949374,-0.294609514367,0.315302259792,0.947550151029,0.0516865985343,-0.00785441201401
6.750259,0.891464583642,0.437439466466,0.237710456746,-0.0175424068435,0.618202485265,-0.0734222387653,0.782385535417,0.236525544906,-0.606101968356,-0.294681889445,0.315900758242,0.947383313734,0.0511329676171,-0.00754900145652
6.800207,0.898240544094,0.432794697567,0.233950444602,-0.0187476747387,0.623036960139,-0.0670989311858,0.779083567037,0.236938337392,-0.605749325615,-0.294529762112,0.315333566219,0.947565435049,0.0512655124704,-0.00750570101372
6.850255,0.906058092122,0.426716540694,0.228809323501,-0.0175266089553,0.62954420946,-0.0594279543102,0.774490299849,0.236392135297,-0.605994235505,-0.294665926735,0.316078111439,0.947318150141,0.0512562166593,-0.00746660135498
6.900420,0.91288169724,0.418578450408,0.223425199272,-0.0163521263992,0.635585703317,-0.0553885497308,0.769867215993,0.236440783291,-0.60567275184,-0.294786222047,0.315899127639,0.947368106422,0.0514174658771,-0.00759317414239
6.950267,0.922153128835,0.408975501701,0.216112367784,-0.015432226106,0.644269386538,-0.0491478338009,0.763061789372,0.23591027089,-0.605563584398,-0.294780978837,0.316421746503,0.947186636596,0.0514758955623,-0.00806138764495
7.000208,0.929378527933,0.402878851568,0.20994068903,-0.017194558366,0.650788883027,-0.0448916258334,0.757735388392,0.236472754199,-0.606029505155,-0.294668041046,0.316269641061,0.94725665482,0.0512373112701,-0.00728573787692
7.050205,0.936576659473,0.398842438999,0.205095752684,-0.0250254476326,0.655968034339,-0.0414826379862,0.75323227204,0.236353560481,-0.605827469824,-0.294800976054,0.315894123654,0.947374453127,0.0512913036685,-0.00785814048913
7.100257,0.943375989022,0.396427762133,0.200910606518,-0.0356800308512,0.660000504767,-0.037724564872,0.749468562591,0.236476706467,-0.606423477468,-0.294561425649,0.3162614019,0.947272677136,0.0509702099485,-0.00743226200861
7.150264,0.949918233528,0.394994751246,0.197417578489,-0.0478097581738,0.662745339213,-0.0331091379824,0.746583302356,0.236878222134,-0.605998999144,-0.294646876807,0.316259139842,0.947253462564,0.0513666397892,-0.00724585699005
7.200285,0.956043216515,0.394514706933,0.192950112089,-0.0620079270993,0.666085581447,-0.0283803461703,0.742751352147,0.235849640776,-0.605715872565,-0.294677293833,0.315675801766,0.947446065242,0.0512135804919,-0.00848002412925
7.250196,0.960838914145,0.393225894276,0.184972456787,-0.075472898184,0.671316761037,-0.0231878213319,0.736953168751,0.236632170043,-0.60532487966,-0.294731578114,0.316051623061,0.947295851041,0.0518106913354,-0.00758909911792
7.300199,0.964997771768,0.392083651821,0.175358817775,-0.0850742060482,0.677977649217,-0.0139683096851,0.730009296483,0.23618531836,-0.606062965934,-0.294525252032,0.315869389098,0.947385934818,0.0512662317799,-0.00762843487288
7.350223,0.967694830045,0.390909287844,0.16340510559,-0.0911509033695,0.686031944809,-0.00108387887682,0.721838284329,0.237240565923,-0.606518319703,-0.294390569238,0.316260662236,0.947268764213,0.0511552663468,-0.00664985669138
7.400210,0.968938933076,0.390044100318,0.150002117787,-0.0916701597544,0.694714714862,0.0144188509599,0.71327424144,0.235984500503,-0.606016359201,-0.294679384873,0.316061101405,0.947324484798,0.0511634025032,-0.00800043283834
7.450221,0.969579314137,0.385834984134,0.136187092634,-0.0904819630896,0.702386540009,0.0269529077935,0.705506699848,0.236037246652,-0.606646905959,-0.29471743499,0.316472785786,0.947209759887,0.05083724811,-0.0073634799669
7.500224,0.968499949752,0.382913653101,0.122471448804,-0.0936282856001,0.707898766701,0.0350131980016,0.699204659741,0.236223936474,-0.605886158925,-0.294799290909,0.316620362124,0.947131502213,0.051297392192,-0.00787663374313
7.550220,0.966884033845,0.377255750541,0.109596609183,-0.0924791057804,0.712026563485,0.0395519492548,0.694911095894,0.236360834875,-0.606039325404,-0.29467840042,0.316244591485,0.947264140566,0.0511545551519,-0.0079509648297
7.600588,0.966262444837,0.371133350558,0.100502144954,-0.0881696943223,0.713390567375,0.0413737427831,0.693965573203,0.236706597273,-0.605952061221,-0.294645237001,0.315513630279,0.947498821118,0.0513761994482,-0.00759073238982
7.650237,0.964746454746,0.362422472405,0.0903535095365,-0.0808381772856,0.715173378174,0.0404100199604,0.693079547044,0.236930421351,-0.605722630403,-0.294630406405,0.315881551953,0.947370829082,0.0515084748719,-0.00736439790538
7.700462,0.962986735781,0.354515388632,0.0803817371658,-0.0723005482302,0.716794686827,0.0383999643033,0.692461876499,0.235858267639,-0.606067053685,-0.29467683607,0.316242139079,0.947263030382,0.05118442209,-0.0079884715277
7.750209,0.962077659323,0.344207532089,0.0724076506326,-0.0612232328493,0.717112574924,0.0341415943245,0.693423119158,0.235711143723,-0.605937213758,-0.294800272842,0.316073948914,0.947313721929,0.0513006783981,-0.00788742407132
7.800265,0.96028366382,0.333196578091,0.0637448895515,-0.0485570448771,0.717836401834,0.0286266591763,0.693926241022,0.236612762329,-0.605790802844,-0.294536919666,0.31566194874,0.947452542248,0.0511986531582,-0.00836135276269
7.850283,0.959102775858,0.323115899176,0.0558738206973,-0.0384801138223,0.71831896423,0.0213374924362,0.694321148953,0.236177010345,-0.605832463155,-0.29467704642,0.315687219058,0.947445317897,0.0512011495752,-0.00820923879807
7.900266,0.957731568911,0.312151646563,0.0477758665762,-0.0265844775262,0.719457535015,0.0138386137384,0.693889482291,0.236003001412,-0.606397746444,-0.294540042009,0.316609872362,0.947146867313,0.0511333363661,-0.00750881972157
7.950238,0.956236919566,0.304383765398,0.039030913673,-0.0168360789091,0.72149735969,0.0101193768318,0.692138501038,0.23663430135,-0.604677756533,-0.29497290577,0.315139793469,0.947579515939,0.0521139032111,-0.0080070367832
8.000235,0.954073158407,0.298508075958,0.030128964699,-0.0077162793605,0.723907784451,0.00666785160948,0.689821367021,0.236026183044,-0.605657362342,-0.294937313231,0.316262414509,0.947246921303,0.0513322606162,-0.00814581315565
8.050216,0.951652810079,0.293431907469,0.0214278326265,-0.00142400035484,0.726261699211,0.00343458827905,0.687408263033,0.236065133884,-0.606051590318,-0.294681587605,0.316252638031,0.947263092659,0.0511444713401,-0.00781954442199
8.100241,0.949344371253,0.288357418434,0.0132304473847,0.00244958090068,0.728666890602,-3.37487186628e-05,0.684863899586,0.236402532153,-0.606023876371,-0.294527353478,0.316242259001,0.947263382748,0.0512544827114,-0.00747631784268
8.150262,0.947069359515,0.285638665974,0.00670362446645,0.00393076507068,0.730383568346,-0.00226058528499,0.683022167964,0.236506378284,-0.605603365491,-0.294608375932,0.316220287233,0.947246346694,0.0516771929903,-0.0076522115767
8.200303,0.945606054348,0.28546495491,0.00146300632303,0.00481070809387,0.731907134681,-0.00227960644704,0.681383597311,0.236117973161,-0.605357473576,-0.294762094488,0.3154916443,0.947487604531,0.0516136783,-0.00826376729022
8.250275,0.942052225028,0.283384582651,-0.00874754189413,0.00513676275813,0.735888894163,-0.0040965630479,0.677070430078,0.236227152278,-0.605704031549,-0.294783230686,0.316252494878,0.947247773953,0.0514337350128,-0.00778364479292
8.300271,0.939641730179,0.282395047281,-0.0161653695095,0.0046325845537,0.739397391675,-0.00494555074218,0.67323515793,0.236800593924,-0.605607239462,-0.294613468959,0.316421838691,0.947183885025,0.0516391977194,-0.00730076751482
8.350282,0.936110301347,0.279427435018,-0.0267192299249,0.00561604206457,0.744942042397,-0.00643405697537,0.667074520913,0.235942507052,-0.606322016956,-0.294557305114,0.316057909122,0.947334207783,0.0510243288657,-0.00786223316667
8.400256,0.932922106239,0.277773726007,-0.038796198642,0.00537931596476,0.751866430948,-0.00756623604229,0.659250092943,0.236618306826,-0.605302970043,-0.294871000444,0.315887921184,0.947350990601,0.0518021406481,-0.00758024286613
8.450205,0.930402670648,0.277053100877,-0.0476324291842,0.00558034797396,0.756566088597,-0.00769109511558,0.653848193663,0.236278925277,-0.606020311218,-0.294684574764,0.31553587168,0.947504513488,0.05113127108,-0.00760944946681
8.500337,0.928388460984,0.276498065213,-0.0536805910111,0.00548904286274,0.759655253072,-0.00828697605503,0.650250023388,0.236068373655,-0.605869398824,-0.294665539159,0.315884757366,0.947379220949,0.0512809141241,-0.00772655316958
8.550409,0.926891541854,0.275937437512,-0.0573594635947,0.0052347422531,0.760789186473,-0.00885328343084,0.648917583821,0.236203036964,-0.606344791829,-0.294682421209,0.316455906641,0.947201225096,0.0511055833318,-0.00732923463552
8.600208,0.92594099037,0.274315184985,-0.0605064844303,0.00518073931704,0.761122136734,-0.00982290116261,0.648513502964,0.236010058681,-0.605743053832,-0.294781075685,0.315879585343,0.947370281887,0.0514457228412,-0.00793562609717
8.650248,0.926046468527,0.274235719527,-0.0621102253563,0.00544832754697,0.760913839225,-0.00936212527879,0.648762510949,0.236472960015,-0.606203877032,-0.294683199759,0.316092296917,0.947321942263,0.0511155552719,-0.00734830226788
8.700376,0.927199250997,0.272313549279,-0.0621371634614,0.00682986092064,0.759796201659,-0.00976545378311,0.650052090879,0.236048582944,-0.605909814369,-0.294646072108,0.316245277452,0.947253390585,0.0514089134735,-0.00755394790176
8.750203,0.928477915189,0.269204982731,-0.0627544932171,0.00808873647286,0.758290122735,-0.00981253244041,0.651793200572,0.236381416035,-0.605517015728,-0.294446064956,0.315988677888,0.947311515719,0.0518396412844,-0.00804358282864
8.800291,0.928896415642,0.270014874649,-0.0625537936341,0.00868295584612,0.756499172736,-0.00876538853383,0.653878257699,0.236437352789,-0.605680545073,-0.294787085333,0.316081083908,0.947307961663,0.0514057737775,-0.0076039850343
8.850438,0.931388540064,0.2695658966,-0.0581381936922,0.00842315073782,0.751335828717,-0.00860383695572,0.659810197714,0.236444625332,-0.605892392136,-0.294664596458,0.316068194142,0.94731891869,0.0512720595631,-0.00767716431365
8.900259,0.934143662124,0.269155345869,-0.0521833218279,0.00746545418022,0.744360359724,-0.00839326672434,0.667683663826,0.236364218064,-0.6064154653,-0.29468657034,0.316475605959,0.947199414602,0.0510704115472,-0.00694786844816
8.950268,0.935545495735,0.269758484745,-0.0497173730681,0.00748088157028,0.740694274453,-0.00783454876995,0.671754901768,0.236226585205,-0.606296466218,-0.29470103004,0.316458305713,0.947205424631,0.0509849919644,-0.00752029846102
9.000197,0.938159367008,0.270530567289,-0.0476847689906,0.00701822688707,0.736811686179,-0.00673442815099,0.67602805495,0.236208691744,-0.606014753467,-0.294543832522,0.315871902587,0.947390066396,0.0511454435469,-0.00781964543138
9.050404,0.940215354998,0.268472698475,-0.0484516863939,0.00818036635844,0.736213043583,-0.0070928806357,0.676663230203,0.236279242182,-0.605427925402,-0.294766582822,0.315693288741,0.947425597737,0.0515770866873,-0.00789229530786
9.100210,0.944575639257,0.269864335434,-0.0476596830282,0.00838238690647,0.733797311881,-0.00585478616685,0.679291514848,0.236286171897,-0.606232152616,-0.294561984975,0.316068049747,0.947333740844,0.0509930945697,-0.00771204858522
9.150344,0.947878162224,0.267719757193,-0.0468406701948,0.00890685359064,0.731307348489,-0.00634637450109,0.681960375341,0.235766937291,-0.605653420728,-0.294782762228,0.316241054973,0.947248706778,0.0514483251916,-0.0080344565134
9.200287,0.950517839161,0.269107426519,-0.0452992403547,0.0090111535538,0.728521998214,-0.00502103120345,0.684944732424,0.236054333379,-0.605928589253,-0.294537656204,0.315851475331,0.947390660684,0.0512011362185,-0.00819909933595
9.250299,0.954155698364,0.269764690349,-0.0445139760116,0.00908217621734,0.725601639895,-0.00396410749586,0.68804364695,0.236068808698,-0.606218078065,-0.294695834054,0.316438278499,0.947206581707,0.0510302458171,-0.00790072676668
9.300214,0.956792074803,0.270676262335,-0.0428142052138,0.00845269391537,0.723012188839,-0.00329226965858,0.690775714481,0.237181049778,-0.605943233856,-0.294772843324,0.31574026982,0.947425301249,0.0514401225507,-0.00687708947868
9.350240,0.959460174881,0.272011787357,-0.0425019163998,0.00791636040067,0.720311378808,-0.00212661739764,0.69360242668,0.236328807532,-0.605972968353,-0.294523477137,0.316413368559,0.94720267068,0.0512910953128,-0.00767491993739
9.400232,0.961747285868,0.272721274149,-0.0417910289981,0.00811097021197,0.717944479214,-0.00130901530445,0.696051882698,0.236100286438,-0.606400399799,-0.294562493749,0.316077931955,0.947333051974,0.050978936045,-0.00748182118324
9.450334,0.963349052384,0.27295394659,-0.04130961547,0.0084761831792,0.716269531306,-0.000892481744382,0.697771679217,0.236399547379,-0.606380356407,-0.29455842719,0.316432873908,0.947212404526,0.0509965993684,-0.00763176750617
9.500210,0.965223350737,0.274071745186,-0.0408091417589,0.00770754748663,0.714442336309,-0.000212130385315,0.699651839704,0.236276086828,-0.605610079148,-0.294782709818,0.315879552426,0.947370150743,0.0514421727042,-0.00797550677182
9.550285,0.965785246072,0.273222104285,-0.0410502901594,0.00815446913461,0.713770348349,-0.000419761181519,0.700332219915,0.236040153825,-0.605732518235,-0.294661938972,0.315501555478,0.947501756775,0.0513171254499,-0.00810814623275
9.600317,0.965417742771,0.2746684777,-0.042954196855,0.00750344794674,0.714323235607,0.000180986155584,0.69977566447,0.235945582094,-0.605912459018,-0.294662138427,0.316792001485,0.947074666845,0.0513058911656,-0.0077529831068
9.650256,0.965113589092,0.273654545345,-0.0433371122761,0.00741095698235,0.714149515324,-0.000342696829194,0.699953877079,0.236388704933,-0.606002029075,-0.294666787523,0.316260059204,0.947257969083,0.0512445485879,-0.0074773792716
9.700297,0.965130659567,0.273038578508,-0.0434011384584,0.00751250202612,0.714320264855,-0.000575755884334,0.699778386374,0.236363703867,-0.605682826107,-0.294647220011,0.315690650254,0.947436218447,0.0514155835523,-0.00777580120484
9.750289,0.964501730515,0.273216695168,-0.0443994547231,0.0071190219308,0.714743816674,-0.000466562212412,0.699349968451,0.236149197228,-0.606079031141,-0.294682898205,0.316080574847,0.947322469416,0.0511387705088,-0.00761809002986
9.800214,0.964434126205,0.274041284747,-0.0444408477259,0.00776364733856,0.714733173447,-3.85206402958e-05,0.699354141384,0.236583699743,-0.605820810517,-0.29462664013,0.315871639976,0.9473718247,0.0515291709479,-0.0075151423194
9.850321,0.965211148036,0.273375539588,-0.0435076500569,0.00829720827802,0.71438157767,0.000229151395988,0.69970712824,0.236194726317,-0.605939764507,-0.29481924286,0.316269428882,0.947256301374,0.0511636613728,-0.00783757727744
9.900199,0.965693372529,0.274073136756,-0.0427413069339,0.00762436378766,0.714056885337,-0.000137401925071,0.700046151836,0.236023917211,-0.605818116151,-0.29450568199,0.315845218031,0.94738288653,0.0514243439129,-0.00793734275259
9.950327,0.965776629925,0.272754982707,-0.0421851623738,0.00795383095748,0.713812672624,-0.000393243938304,0.700291403869,0.235802314364,-0.606350893149,-0.294694196643,0.316801537006,0.947085289611,0.0510307204418,-0.00788073117383
10.000433,0.966138478071,0.275531964181,-0.0419389901654,0.00711126351152,0.713760153477,0.000956067022849,0.700353453033,0.236065939209,-0.605633449315,-0.294778781339,0.316050948117,0.947309923659,0.0514703839094,-0.00815514025522
10.050717,0.966247391364,0.27517162049,-0.0419100490005,0.0063089260139,0.714161048293,0.000483416122549,0.699952827598,0.2359076671,-0.605206527536,-0.294742813292,0.316022015982,0.947301644825,0.05176170217,-0.00839078746213
10.100309,0.966599148433,0.276069477082,-0.040520537641,0.00554271371449,0.713329920922,0.00138637374531,0.70080509431,0.236146804049,-0.605896332853,-0.294660253314,0.315867034615,0.947381584835,0.0512998193964,-0.00802980009014
10.150252,0.967316084671,0.274825322486,-0.0402349479035,0.00481096487084,0.713626804994,0.000988191011544,0.700508858823,0.235822999742,-0.605718240995,-0.294795680823,0.316598307667,0.947132190904,0.0513481526343,-0.00833617155243
10.200264,0.967119018981,0.277307743145,-0.0407310499942,0.00357688532738,0.714143762753,0.00231151340788,0.699986106232,0.236655268244,-0.606043134822,-0.29468356926,0.31571938828,0.947444249535,0.0511224866683,-0.00755997644834
10.250195,0.966793933318,0.276531614027,-0.0418360540906,0.00404031054312,0.714944889839,0.00184574561335,0.69916669944,0.236206207065,-0.605778790627,-0.294657076717,0.315856451541,0.947381337333,0.0513364593809,-0.00823842412156
10.300318,0.966943314929,0.276205746849,-0.0426274781676,0.00438935502679,0.715825681407,0.0014708125825,0.69826367807,0.236262592559,-0.606227313247,-0.294679391037,0.316627020505,0.947140427708,0.0511407238621,-0.00754761218719
10.350433,0.966316308641,0.277241604114,-0.0439911513744,0.00353473903422,0.716605746903,0.00183843572506,0.697467081145,0.236097567949,-0.605762705677,-0.294781546733,0.316615444044,0.94712603993,0.0514427670025,-0.00778246763478
10.400236,0.966358190448,0.275814005729,-0.0441339043505,0.00384849747934,0.71686511807,0.000992779881152,0.697200549304,0.236930421351,-0.605722630403,-0.294630406405,0.315518216571,0.947491898473,0.0515112952954,-0.00734464411161
10.450324,0.966194298152,0.276459479187,-0.0440686690135,0.00392403648808,0.71676098676,0.00162172186517,0.697306001562,0.236118942889,-0.6061428817,-0.294666012126,0.316078758168,0.947319168115,0.0512389071904,-0.00742877821975
10.500319,0.966049462762,0.275768921934,-0.0445110125602,0.00427883441099,0.717132271645,0.00110130816202,0.696923083031,0.236300314045,-0.606428239646,-0.294437585924,0.316236300143,0.947283084318,0.0508785683548,-0.00779306868689
10.550243,0.96603163846,0.275956491112,-0.0444034339244,0.00439410681582,0.717016800599,0.00125421770599,0.69704090728,0.236454219755,-0.606053836566,-0.29464010918,0.316420645539,0.94719421031,0.0514140066136,-0.00759624619165
10.600337,0.965850026402,0.276155867977,-0.0453361766693,0.00396135484995,0.717707062226,0.00124209206558,0.696332777992,0.236072298364,-0.606263436995,-0.294558986719,0.315876548834,0.947395176038,0.0510137148109,-0.00787319611052
10.650205,0.965752596669,0.275233127118,-0.0448386592187,0.00441343174929,0.717249423159,0.000695074657535,0.696802198238,0.23639812857,-0.606163684392,-0.294642310477,0.316430902856,0.947193881954,0.0513874623396,-0.0073866379272
10.700583,0.965521068199,0.275100682664,-0.0452296424374,0.00387754265095,0.717606062082,0.000556229208504,0.696438220473,0.236076349452,-0.605663149099,-0.294640220705,0.316033454579,0.947315777648,0.0514700742099,-0.00815502706379
10.750270,0.965108619951,0.275755118217,-0.0462687682344,0.00428258266924,0.718178500818,0.000949734456756,0.695845096594,0.235928445305,-0.606072676881,-0.294817606975,0.316087821375,0.94731705836,0.0511686002249,-0.00778809789984
10.800273,0.964786851651,0.276210976263,-0.0465865878214,0.00359960152863,0.718055047877,0.00114902155888,0.695976056224,0.236818577401,-0.606250361995,-0.294246717832,0.31583839928,0.947399214649,0.0512318868575,-0.00749182162293
10.850190,0.964611100326,0.276179164152,-0.0470840135976,0.00391817661958,0.71845690367,0.00113255237541,0.695559517788,0.235708951123,-0.605342739062,-0.294919638565,0.315882453627,0.947362949846,0.0515021064186,-0.00832164548137
10.900326,0.964522057368,0.274873204796,-0.0470842239417,0.00385737866173,0.718456385977,0.00049307045842,0.695561139628,0.237076499559,-0.606169934937,-0.294706231268,0.315017239571,0.947689813156,0.0509465130016,-0.00725324930385
10.950202,0.964583436474,0.275319408255,-0.0474053155528,0.00431616135132,0.718603360792,0.000738911478176,0.695406380916,0.236476938189,-0.606597798614,-0.294576430142,0.316084135431,0.947337882269,0.0508486295682,-0.00749486609598
11.000291,0.964839210242,0.275038713411,-0.0465212687466,0.0041042299508,0.718140249168,0.000520240223378,0.695886102155,0.236745254612,-0.6062932157,-0.294525197729,0.316246864059,0.94726541346,0.0512137761233,-0.00730113491857
11.050199,0.964758623943,0.276252960966,-0.046648082736,0.0040772215889,0.718197724256,0.0010758776305,0.695826305644,0.236142207706,-0.606175582262,-0.294417274441,0.316030263646,0.947340203794,0.0510484068676,-0.00809140851836
11.100216,0.964837891509,0.275251105048,-0.0467563702931,0.00405793764952,0.718366426779,0.000430428733025,0.695652948495,0.236006463081,-0.605576548675,-0.294766687406,0.315875598401,0.947366079199,0.0515584505671,-0.00786412700945
11.150217,0.964309307671,0.274566099492,-0.0473608324213,0.0049294328445,0.718399229105,0.000329606506402,0.695613498771,0.23639931152,-0.606206040694,-0.294543359788,0.316428516393,0.947207808295,0.0511196323742,-0.00755943809415
11.200209,0.964489565191,0.274187397348,-0.047070316087,0.00489282062079,0.718197176147,-0.000204156809583,0.695822416138,0.236969221042,-0.606063928192,-0.294510382379,0.316433037247,0.947197793823,0.0513474386238,-0.00706490363272
11.250199,0.964160803157,0.274651041689,-0.0476952647213,0.00450178961536,0.718677656908,0.000112022687511,0.695328804813,0.236350105818,-0.605835325977,-0.294801843644,0.315349412646,0.947556462412,0.0512854344842,-0.00782960376433
11.300214,0.964485315914,0.274312539372,-0.0472308114135,0.00460331424978,0.718343665782,-0.000253691344857,0.695673143775,0.236108344067,-0.606194131699,-0.294537322409,0.316590067067,0.947148335856,0.0511651936579,-0.00792983460411
11.350203,0.964269344731,0.27386091326,-0.0473212410732,0.00404009263508,0.718432548703,-0.000634860008674,0.69558460849,0.23703685678,-0.605712438667,-0.294613217725,0.315879369976,0.94736695338,0.051617122688,-0.00719388018161
11.400203,0.964547993209,0.273224450254,-0.0470527126001,0.00487527314638,0.718330791742,-0.0005813743924,0.695684387744,0.23731271462,-0.605973224304,-0.294514922475,0.315716621352,0.947439581585,0.0513223205253,-0.00687558468656
11.450608,0.963838697648,0.274013012345,-0.0480367791394,0.00536930215897,0.718784585796,-8.05281753709e-05,0.695212113913,0.235612622192,-0.605620505975,-0.294640544638,0.315659053304,0.947438179386,0.051477326535,-0.0083870830032
11.500436,0.964422391828,0.275049149819,-0.0471609785522,0.00495614241184,0.718114818182,0.00046720529716,0.695906837356,0.236314738871,-0.605776810779,-0.294647707062,0.316245245526,0.947253259377,0.0514056559364,-0.00759380143942
11.550323,0.964474036958,0.274929748045,-0.0470139119779,0.00448662443426,0.718132378282,0.000467586338204,0.695891901683,0.236609307655,-0.605955103291,-0.294668001255,0.315906028825,0.947377366946,0.0512487490653,-0.00728500307231
11.600239,0.964175397118,0.273619494602,-0.0474472611825,0.00526498096764,0.71834140584,-0.000375099104838,0.695670729535,0.236557605659,-0.60668616296,-0.294442531444,0.315168993419,0.947646818494,0.0508068008127,-0.00725823509405
11.650286,0.964223040941,0.274883884198,-0.0467818828997,0.00446560382718,0.717903661787,-5.77874606439e-05,0.696128140098,0.236016355695,-0.606547335313,-0.294576254097,0.316254378719,0.947278271145,0.0508615234481,-0.00775566822559
11.700245,0.964381884474,0.274116258926,-0.0460491380933,0.00481505754858,0.717253542214,-0.000369289266107,0.696795547508,0.237013454852,-0.606741177449,-0.294481015064,0.315740103663,0.947471801518,0.0505314243389,-0.00720745598702
11.750321,0.964206402287,0.272982616332,-0.0468503984473,0.00562394854591,0.71780488417,-0.000460390374657,0.696221450047,0.235388671831,-0.605568291468,-0.294911893542,0.317135962969,0.946940520984,0.0515158531366,-0.00863409431844
11.800288,0.964672348506,0.274719874258,-0.0457001796915,0.00501154715001,0.717112072763,0.000112860034509,0.696939844431,0.236794404664,-0.606145834721,-0.294660731497,0.316435584186,0.947198750122,0.0512494210213,-0.0075196857766
11.850542,0.964031960545,0.273724517791,-0.0469668610215,0.00505262161782,0.717649267705,-0.000408034435043,0.696386267157,0.236444625332,-0.605892392136,-0.294664596458,0.315523203495,0.947500577896,0.0512764673132,-0.00764766916221
11.900526,0.964364594017,0.272916748673,-0.0466131074925,0.00555063646878,0.717633175937,-0.000757883963789,0.69639876568,0.236339731003,-0.60627046508,-0.294682381365,0.316637200352,0.94714002099,0.0511128695626,-0.00735789081565
11.950292,0.964490321637,0.274542849244,-0.0459405214359,0.00543194983566,0.717265170301,-7.01447888765e-06,0.696779139574,0.235232022832,-0.606090796849,-0.294832144664,0.316441461939,0.947200033495,0.0510834859989,-0.00820823801017
12.000320,0.964643618728,0.273859569858,-0.0460220534071,0.00554699066132,0.717257567349,-0.000148181202995,0.696786043931,0.236273240986,-0.606019933959,-0.294677918396,0.315508686504,0.947508066763,0.0511571239864,-0.00810437069914
12.050285,0.964723147731,0.273335196883,-0.0453994887723,0.00542416518115,0.716970614898,-0.00056085549601,0.69708206206,0.237235607698,-0.605337844255,-0.294593990348,0.316045401957,0.947300633689,0.0517944743684,-0.00735837881742
12.100228,0.964782808748,0.273842501171,-0.0456651516477,0.0057541968632,0.71695763456,-0.000389710743295,0.697092883043,0.236038274782,-0.606054451863,-0.294799840245,0.316993505729,0.947009335562,0.0512803120897,-0.00766585128039
12.150511,0.964525619125,0.272883701276,-0.0461145198941,0.00632409493878,0.717327537826,-0.000480021791911,0.696707240438,0.236395205756,-0.606753208765,-0.294597603387,0.316469461799,0.94721920073,0.0506932216782,-0.00728442126046
12.200280,0.964985568006,0.273865263255,-0.0452701319983,0.00551469577796,0.716790493105,-0.000380873078902,0.69726668647,0.236237565129,-0.605733725398,-0.294644669674,0.316235002339,0.947253631282,0.0514334323791,-0.00778353088773
12.250265,0.964472913656,0.273796879469,-0.0460417323194,0.00618398865618,0.717224121267,-0.000283013109827,0.696815067332,0.236336443169,-0.606452602831,-0.294698321083,0.316278598833,0.947266441562,0.0509823889905,-0.0074116546092
12.300312,0.964640210084,0.273940957017,-0.0458518394943,0.00572653766973,0.717100880491,-0.000194538608029,0.696945834424,0.236150274943,-0.605888447203,-0.294659382356,0.316048372852,0.947320547535,0.0513087332748,-0.00803866440974
12.350206,0.964689833886,0.273405726633,-0.0456664595987,0.0057511022217,0.717079801961,-0.00048358643622,0.696967178988,0.236492528904,-0.605581529081,-0.294747811219,0.316056596792,0.947301516606,0.0516685872074,-0.00764338640073
12.400207,0.964804925524,0.273668849831,-0.045624164455,0.00576310517028,0.716938673056,-0.000395846335094,0.697112307309,0.236581150228,-0.605817938371,-0.294664549525,0.315886216685,0.947378994175,0.0512821708847,-0.00768625096783
12.450224,0.964912771961,0.27447923259,-0.0458145985523,0.0051771196599,0.717121226143,-0.000185556664493,0.696929200146,0.236797376878,-0.605789393781,-0.294629589427,0.315881567656,0.94737089486,0.0515100194031,-0.00734443252466
12.500325,0.965151173284,0.273608321831,-0.0456558922433,0.00643357757897,0.716860349323,-0.000150175466273,0.69718708113,0.236618783357,-0.605884829121,-0.294826052168,0.315381151163,0.947557780538,0.0511225286471,-0.00744775787424
12.550253,0.96523210052,0.273544247085,-0.045127537048,0.00551372320907,0.716446868327,-0.000242920897617,0.697619828209,0.236033486029,-0.606386913157,-0.294420902933,0.316050349046,0.947339257295,0.0510064450663,-0.00767144164591
12.600333,0.965888932498,0.273057896763,-0.0424795661326,0.00617009019338,0.714408972651,-0.000287274724764,0.699701127094,0.236713535579,-0.605936288843,-0.29464349097,0.315694668074,0.947437398627,0.0513956513741,-0.00759863493845
12.650349,0.96567338639,0.273692799967,-0.0435690052596,0.00610345794743,0.715219499946,-0.000190538005229,0.698873220544,0.23670936068,-0.605367936377,-0.294734592573,0.315880283573,0.947356016387,0.0517843688895,-0.00738943860069
12.700359,0.965864897236,0.273356144525,-0.0426808491344,0.00573667231109,0.714576699666,-0.000465854761227,0.699533425838,0.235888796518,-0.607016083658,-0.29447595103,0.31627353934,0.947290975255,0.0505594983424,-0.00738875102226
12.750271,0.965973959115,0.273094439037,-0.0430664400861,0.00636376969977,0.714817937373,-0.000377836425286,0.699281542788,0.23701264898,-0.605974435186,-0.294548756346,0.315348364346,0.947570125047,0.0511044727897,-0.00738918693558
12.800198,0.965844725644,0.273586897329,-0.0430578298586,0.00581151529794,0.714804220214,-0.000404408888724,0.699300357148,0.23612589852,-0.606301639749,-0.294679434437,0.316264099542,0.947262293429,0.0511349148493,-0.00750914591311
12.850258,0.965394372806,0.272335211146,-0.0436955472229,0.00647496073433,0.715047236615,-0.000834823614071,0.699045654705,0.235884033433,-0.60602132468,-0.294657746698,0.316593292951,0.94713871702,0.0513077221592,-0.0080284013343
12.900204,0.965858669037,0.273172754822,-0.0430773640052,0.00575471814897,0.714825807663,-0.000480874171359,0.699278711729,0.235721540093,-0.605966920685,-0.294661711659,0.316601411324,0.947137586636,0.0512958312112,-0.00791681944179
12.950198,0.96583161041,0.2728217731,-0.0431188783997,0.00623624889154,0.714717382518,-0.000219258149004,0.699385533345,0.236060928688,-0.605738604778,-0.294520762986,0.316028195595,0.947324587271,0.0513432879979,-0.00813466151384
13.000310,0.965765203615,0.274658008104,-0.043173668724,0.00595355339548,0.714850490207,5.28205112658e-05,0.699251978233,0.236132928596,-0.606513424409,-0.294556789217,0.316796133946,0.947091114525,0.0509969708406,-0.00761178485225
13.050278,0.966133010846,0.273976193358,-0.0424725881822,0.00591693108706,0.714435644091,3.3309743009e-05,0.699676138846,0.236848504222,-0.606550994725,-0.29430214423,0.316058620271,0.947348176668,0.0508376802792,-0.00734240966652
13.100499,0.965807058684,0.273586344236,-0.0431368318473,0.00620579848959,0.714837616746,-0.000260441321312,0.699262899002,0.236046759868,-0.605542506006,-0.294644968748,0.316041653079,0.947314577699,0.0514562514767,-0.00806341005115
13.150191,0.965941101115,0.27386527756,-0.0430031077693,0.00565446374857,0.714622926555,5.31980734996e-05,0.699487024219,0.237004462676,-0.605947854264,-0.294649426967,0.315896461869,0.947375504715,0.0513472992187,-0.00724798646054
13.200272,0.966210453997,0.273044237192,-0.0424248786725,0.00730778751893,0.714339003874,-0.000107196657174,0.699761653918,0.236472960015,-0.606203877032,-0.294683199759,0.316092296917,0.947321942263,0.0511155552719,-0.00734830226788
13.250353,0.965972657139,0.272475860348,-0.0426456182131,0.00689027550223,0.714417404694,-0.000568390341883,0.699685624339,0.236198607963,-0.605392697753,-0.294764355441,0.31568330866,0.94742636246,0.051594590689,-0.00808297977107
13.300202,0.965941591539,0.273138137771,-0.042736333163,0.00690453269314,0.714588990168,-0.000315637715195,0.699510402304,0.236129376698,-0.606346930434,-0.29454258445,0.316065585697,0.947329662934,0.0511154360701,-0.00750116389489
13.350410,0.965950696706,0.274137844381,-0.0426817849597,0.00615313816657,0.714451712802,0.00029888018907,0.699657630299,0.237257056906,-0.606257545856,-0.294532125095,0.315912817501,0.947383255453,0.0511714900158,-0.006748157951
13.400301,0.965815405563,0.273114685493,-0.0429736934474,0.00663061137903,0.714687565235,-0.000345700190821,0.699412324442,0.236767398765,-0.606207787248,-0.294688174168,0.316111987186,0.947320080265,0.0510789838116,-0.00698673727467
13.450213,0.965757227095,0.27464997979,-0.0429282404428,0.00630217664598,0.714609646879,0.000446632042052,0.699494914689,0.237018307037,-0.605969654953,-0.29450998737,0.31606016595,0.947320368831,0.0513559120173,-0.00725676222738
13.500203,0.966270306176,0.273168240979,-0.0422169779873,0.00662796071713,0.714319433333,-0.000303269718814,0.699788343235,0.236454032982,-0.606112631996,-0.294549387064,0.315719553791,0.947447675735,0.0511047322429,-0.0072368115115
13.550313,0.965802638429,0.273434199538,-0.0432722463726,0.00652072672305,0.71495679639,-0.000235197324322,0.699138186699,0.236353768004,-0.606519661103,-0.294422021157,0.316243925036,0.94727859946,0.0509714757215,-0.00741239137164
13.600205,0.965883662727,0.275507819888,-0.0429194990889,0.00601568056068,0.714627528395,0.000970011414091,0.699478638934,0.23649361084,-0.605798420624,-0.294664099879,0.315876924446,0.947380688502,0.0512788762328,-0.00787886463048
13.650369,0.96595882898,0.27329362348,-0.0428115698809,0.00632938634688,0.71456999538,-0.000348160225396,0.69953523096,0.236658355888,-0.605860968294,-0.294667561842,0.315714764654,0.947439164051,0.0512559011337,-0.00748668150793
13.700365,0.965754466822,0.274479997248,-0.0431769888357,0.00603299681089,0.714727576616,0.000175623533657,0.699376910778,0.236173542272,-0.605840350281,-0.294677915259,0.315869195627,0.94738522072,0.0511891197381,-0.00822002647218
13.750346,0.966250890224,0.274067705225,-0.0422130363375,0.00652109356345,0.714312253182,0.00013920572323,0.699796728282,0.235818438775,-0.605916703575,-0.294820112034,0.316267585223,0.947256028017,0.0511710043853,-0.00789684958396
13.800512,0.966078517539,0.273819885499,-0.0424758959541,0.00688624299563,0.714487836541,0.000209796203233,0.699613941455,0.236022974006,-0.606182937643,-0.294544365177,0.316063472433,0.947328808053,0.0511298772188,-0.00759911063203
13.850214,0.965935081986,0.274040596627,-0.042942995537,0.00640021502637,0.714683192073,-1.47825438179e-05,0.699419024618,0.236254528463,-0.606433569525,-0.294704409858,0.316477990769,0.947203746042,0.0509515703663,-0.00711915158579
13.900224,0.966149015489,0.272660063433,-0.0424391451974,0.00651794031521,0.714403864167,-0.000698901493228,0.699702898989,0.236006759682,-0.60592521075,-0.294797125706,0.31661076657,0.947132787501,0.0513062227202,-0.00804840625337
13.950207,0.965817524732,0.273234866823,-0.0435270403252,0.00628103164874,0.715206985112,-0.000533073382162,0.698884277202,0.235767086249,-0.605827751587,-0.294797997249,0.316426961895,0.947192680585,0.0513237045955,-0.00811670990633
14.000264,0.965944066102,0.273864544082,-0.0426915994124,0.00680553683829,0.714562823202,0.00012129221401,0.699538163114,0.236003140653,-0.605758761797,-0.294782815484,0.315698545521,0.947431737287,0.0514264819197,-0.00792770420051
14.050393,0.966202127358,0.274741174634,-0.0424105652376,0.00619610376869,0.714347571991,0.000390637857515,0.699763532982,0.236142203009,-0.606041545118,-0.294820601137,0.315916041954,0.947376789301,0.0511507609055,-0.00760744296677
14.100319,0.965964203376,0.273181125758,-0.0425033715688,0.00633073492166,0.714291160262,-0.000554722417944,0.699819799984,0.236094477568,-0.606172364428,-0.29467676416,0.316244624224,0.947264270988,0.0511580866731,-0.00791130378276
14.150355,0.966114342171,0.273385904605,-0.0424732583219,0.00667625153759,0.714412043398,-0.000252077078622,0.699693358815,0.236143181819,-0.606368709416,-0.294403137456,0.316229424901,0.947274452953,0.0511239975561,-0.00750989239663
14.200264,0.966369638099,0.27384570797,-0.0421551963771,0.00683492938697,0.714155342811,-4.1550384507e-06,0.699953877093,0.23596116367,-0.606064498145,-0.294660829142,0.316058641766,0.947320363989,0.0512843013628,-0.00780918498153
14.250283,0.966161000509,0.274803539879,-0.0424326446462,0.00632385166252,0.714221181302,0.000325944928081,0.699891425036,0.235678566685,-0.606173025487,-0.29483617659,0.316090832799,0.947322223718,0.051030593563,-0.00794156105769
14.300344,0.966514794721,0.273526403305,-0.0421254811283,0.00712174692213,0.714153177517,1.80651502099e-05,0.699953226607,0.236487092473,-0.60645306832,-0.294422840182,0.31569894191,0.947460294674,0.0509741719814,-0.00740282940425
14.350707,0.966492493062,0.273855636042,-0.0420655439339,0.00684820883127,0.714193032731,-0.000254733489655,0.699915244259,0.236064612908,-0.605649753817,-0.294787115793,0.315897337635,0.947367827945,0.0514248217791,-0.00765234314467
14.400293,0.966477934833,0.274889544202,-0.0420391810378,0.00652760138774,0.714058943034,0.000536807455505,0.700054946509,0.236751622756,-0.605701492248,-0.294613875723,0.316249873383,0.947243240546,0.0516347316677,-0.00707921679878
14.450333,0.966668410723,0.273963287815,-0.0416350857449,0.00676748548824,0.713960209959,0.000200601267617,0.700153539943,0.235973879705,-0.605812293619,-0.294802772446,0.315710909806,0.947435182078,0.051289893112,-0.00790847986943
14.500546,0.96617364925,0.274188113659,-0.0426508212451,0.00685196783148,0.714430426764,6.85002999543e-06,0.69967293488,0.236545025056,-0.605944587229,-0.294488512931,0.316590187521,0.94713393192,0.0515174681764,-0.00734293152684
14.550300,0.966329450896,0.273674764637,-0.0424827460544,0.00696024624072,0.714306659168,-0.00013141663731,0.69979820975,0.236163883545,-0.605735938575,-0.294504759518,0.316207872624,0.947260722863,0.0514402801976,-0.00797507273816
14.600279,0.966220488294,0.27348380628,-0.0427139676901,0.00688019732674,0.714524487233,-0.000284665986408,0.699576542628,0.236152932104,-0.606298668721,-0.294561166434,0.315886410999,0.94739439377,0.0509962465081,-0.00768250230997
14.650336,0.966625483223,0.274444394004,-0.041849229115,0.00682911673118,0.713911609025,0.0003403790802,0.700202443445,0.236580045385,-0.605601150162,-0.294748220772,0.316247582977,0.947239139843,0.0516702666328,-0.00746068075063
14.700212,0.966190428922,0.273647899179,-0.0425095966854,0.00694651308654,0.714305045235,-0.000154411875315,0.6997999889,0.235871601286,-0.605450244021,-0.294779865257,0.316039447073,0.947310638502,0.0514809606,-0.00844587295211
14.750209,0.966403541263,0.272980868781,-0.0421086318948,0.00697814164716,0.714132684461,-0.000413464813783,0.699975459263,0.236279544351,-0.605602224529,-0.294781839732,0.316060891674,0.947309112263,0.0514510238367,-0.00798440508766
14.800280,0.966341543229,0.273403118192,-0.0418102312681,0.00767673548808,0.713910722217,-0.000174287606555,0.7001946287,0.235900387875,-0.605935658757,-0.294813972089,0.316431262756,0.947197203134,0.0511989041729,-0.00820893031854
14.850452,0.966358061997,0.273451724961,-0.0423506239087,0.00722172376769,0.714313458292,8.38649249138e-05,0.699788627355,0.23628721005,-0.606599728284,-0.294562745399,0.316089933361,0.947333007749,0.0509468704455,-0.00719325023589
14.900213,0.96620593198,0.27422519177,-0.0426565263734,0.00620014906027,0.714462087003,0.000118831852524,0.699646675305,0.235689777413,-0.605610309604,-0.29477964361,0.31623078478,0.94724899427,0.0514761741699,-0.0082241780317
14.950207,0.966614015279,0.274422439177,-0.0417515322523,0.00705338305944,0.713804957683,0.000587496300211,0.70030877977,0.236617239122,-0.606568601194,-0.294439524238,0.316066940309,0.947344116005,0.0508363396708,-0.00751542968886
15.000203,0.966187218345,0.274410847723,-0.0425493576065,0.00631618101373,0.714346321288,0.000270341350611,0.69976379303,0.236240934219,-0.606720055951,-0.294455628003,0.315887827441,0.947409010013,0.0507219584033,-0.00763748360833
15.050282,0.966500809578,0.274936130637,-0.0421141918383,0.00652149407196,0.71436520813,0.000680589334806,0.69974234996,0.236455339035,-0.606096342451,-0.294541154216,0.316055035306,0.947329388375,0.0511487210727,-0.00774938129026
15.100223,0.966053402422,0.272966282002,-0.0427698428519,0.00723854301902,0.714403346232,-0.00041146502673,0.699696572154,0.236808546744,-0.605454197385,-0.294452118921,0.31564537013,0.947430901279,0.0518041166645,-0.00768252001473
15.150596,0.966575313369,0.273494228073,-0.0420177960192,0.00629663361224,0.714116502982,-0.000302638380934,0.699998486415,0.236483364626,-0.606233514937,-0.294544626142,0.316074803194,0.947327796229,0.0511152561384,-0.00734818809286
15.200283,0.966034343095,0.273788971528,-0.0429705720667,0.00700065248936,0.714693356976,-0.000175231341011,0.69940286363,0.236050526101,-0.605708953505,-0.294659335467,0.316227259854,0.947258138357,0.0513420364561,-0.00814461383547
15.250283,0.966736996809,0.273535888237,-0.0415882628293,0.00648665262108,0.713988436315,-0.000388487962864,0.700127335006,0.236794441674,-0.605612096031,-0.294652295135,0.31516511188,0.947615427141,0.051392013404,-0.00740374607314
15.300287,0.96648617394,0.274153225058,-0.0424424833103,0.00651606621628,0.714317600798,0.000214361371208,0.699791297546,0.235776635395,-0.605932264757,-0.294971007119,0.316088071357,0.947317270597,0.051072519595,-0.00836168147412
15.350314,0.96653711451,0.274021935627,-0.0417032430782,0.00653689313469,0.713902994766,-9.34594350268e-06,0.700214097976,0.236412392311,-0.60612811876,-0.294700517016,0.31572183022,0.947448548403,0.0510049807249,-0.00771141967648
15.400290,0.96654999014,0.273064623036,-0.0415250506735,0.00712536040358,0.71373844792,-0.000460555245388,0.70037593126,0.236145966869,-0.606261197414,-0.294698880343,0.315903527488,0.947388122208,0.0510068563028,-0.00768165541637
15.450197,0.966570836876,0.272599372893,-0.0414527735446,0.00732155908574,0.713785579573,-0.000317009706538,0.700325953161,0.236357366842,-0.606047212577,-0.294679268991,0.315336582755,0.947567352435,0.0511517003456,-0.00790289362252
15.500705,0.966221061713,0.273779437164,-0.0426256963183,0.00672365827891,0.714555613253,-0.000197645060691,0.699546302202,0.237176755315,-0.60562993465,-0.294612292469,0.31624201161,0.947244780967,0.0516334824411,-0.00723177114619
15.550217,0.966525442774,0.272695005355,-0.0421075228625,0.00755880936472,0.714135008375,-0.000348415289896,0.699967094099,0.235914265399,-0.60601078695,-0.294538575839,0.316033770495,0.947331049442,0.0511805226799,-0.00819101758752
15.600200,0.966397788061,0.272613048461,-0.0420084015109,0.0073384816157,0.714023661371,-0.000301272212289,0.700083042878,0.236723419325,-0.605564152479,-0.294610476396,0.316048297518,0.947305596762,0.051669805808,-0.00747068583513
15.650222,0.966829220469,0.273257216903,-0.0414834137773,0.00698810588162,0.713754764468,-0.00031796284656,0.700360765231,0.236469742036,-0.60638601599,-0.294699139944,0.316278583151,0.947266376471,0.0509808186658,-0.00743141817256
15.700201,0.966293508332,0.272650867978,-0.042326966376,0.00678910413023,0.714339885133,-0.0009316969385,0.699765366758,0.235465527501,-0.606477754386,-0.294551764979,0.317137455521,0.946970463275,0.0510485317116,-0.0080512980997
15.750265,0.966692176967,0.273741991624,-0.0416578892828,0.00718326266809,0.714008437225,6.23241327745e-05,0.700100241697,0.235770384325,-0.605645598134,-0.29478189553,0.316240748643,0.947248257267,0.0514586333275,-0.00803349599659
15.800208,0.966332151911,0.273844521745,-0.0422340549981,0.00722925434588,0.714188436048,0.000139497951068,0.699916135146,0.236006463081,-0.605576548675,-0.294766687406,0.316057247764,0.947305493396,0.0515569416918,-0.0078740130739
15.850439,0.966520992868,0.273071989689,-0.0418494908866,0.00758247776529,0.714008946716,-0.00030750896086,0.700095447406,0.236027197079,-0.605582781701,-0.294625519869,0.316402095531,0.947188727068,0.0515845381053,-0.007890797626
15.900277,0.965829228935,0.274975343112,-0.0433360891541,0.00684116257744,0.714850058354,0.000482308024872,0.699244134723,0.236227438273,-0.605931561482,-0.294662464958,0.315695293246,0.9474413705,0.0512838544567,-0.00782927582869
15.950438,0.966307133057,0.275368106391,-0.0422575430719,0.00651988148582,0.714211081679,0.000775998059862,0.699899578354,0.23616588025,-0.60668546595,-0.294460056728,0.316086643429,0.947345580832,0.0507115807472,-0.0073430171813
16.000216,0.96640492776,0.273088443901,-0.0420710467317,0.00739425722498,0.714217534522,-0.000556443826716,0.699884510981,0.236492717554,-0.605988922624,-0.294687528239,0.31554572884,0.947503615366,0.0511122251273,-0.00743856984127
16.050268,0.966676417489,0.272742926876,-0.0414394986064,0.00782681432942,0.713676884372,-0.00078508015804,0.700430888339,0.236016998951,-0.605780607853,-0.294643384736,0.31640732087,0.947194730043,0.0514304618372,-0.00796607013453
16.100205,0.966269475503,0.272280877493,-0.0421706630569,0.00783761783283,0.714168561909,-0.000898178932348,0.699929303718,0.235836276438,-0.606332537362,-0.29457408688,0.31624174512,0.947277280951,0.0509139776765,-0.00804229540704
16.150364,0.966330305357,0.27330164437,-0.0420373088702,0.00773806252656,0.714004010169,-0.000369116954649,0.700098749894,0.236236038033,-0.605459590925,-0.294925976823,0.315541760539,0.947484197128,0.0514319669372,-0.00786424351569
16.200276,0.96670857758,0.273651031946,-0.0414471181388,0.00709760152221,0.71383460388,-0.00025712923833,0.700278313415,0.236211740092,-0.605779534344,-0.294663773478,0.316610363999,0.947135262664,0.0513039740659,-0.00778292177003
16.250434,0.966483802004,0.273363398416,-0.0419600194837,0.00778837219786,0.713975759363,-0.000312411944351,0.700127030402,0.236831229255,-0.606537112986,-0.29444245596,0.315895081238,0.947403795596,0.050818777146,-0.00733468674612
16.300297,0.965900949024,0.27301226085,-0.0428097685407,0.00787801662703,0.714513548174,-0.000342851045659,0.699577164281,0.23573458467,-0.606063602338,-0.294833904351,0.316080627989,0.9473224458,0.0510566381407,-0.00815107327519
16.350208,0.966393920495,0.273174233641,-0.0415083469374,0.00763499995245,0.713687892476,-0.000465777859605,0.700422074152,0.236558484634,-0.605327162005,-0.29459171656,0.316024293931,0.947303042202,0.0518175028076,-0.00778063515588
16.400206,0.966389264861,0.27328711769,-0.0418164223906,0.00749679231942,0.713968300607,-0.000393101961365,0.7001377788,0.235980765083,-0.605796644071,-0.294801043882,0.316255248316,0.947252519585,0.0513059527923,-0.00793607333846
16.450342,0.9665305488,0.27396437009,-0.0415211760623,0.00701871893021,0.713731395701,-1.76327103984e-05,0.700384345959,0.236384942978,-0.605782388834,-0.294788405604,0.31627266095,0.947246546665,0.051388481317,-0.00740322602016
