%time,field.header.seq,field.header.stamp,field.header.frame_id,field.ns,field.id,field.type,field.action,field.pose.position.x,field.pose.position.y,field.pose.position.z,field.pose.orientation.x,field.pose.orientation.y,field.pose.orientation.z,field.pose.orientation.w,field.scale.x,field.scale.y,field.scale.z,field.color.r,field.color.g,field.color.b,field.color.a,field.lifetime,field.frame_locked,field.points0.x,field.points0.y,field.points0.z,field.text,field.mesh_resource,field.mesh_use_embedded_materials
1555597497219558512,278,1555597497219132900,/camera_color_optical_frame,marker,0,7,0,0.0,0.0,0.0,0.0,0.0,0.0,0.0,0.04,0.04,0.04,1.0,0.0,0.0,1.0,0,0,0.0175700224936,0.00472936779261,0.413000017405,,,0
1555597497243908058,279,1555597497243670940,/camera_color_optical_frame,marker,0,7,0,0.0,0.0,0.0,0.0,0.0,0.0,0.0,0.04,0.04,0.04,1.0,0.0,0.0,1.0,0,0,0.0176125671715,0.00474081886932,0.414000034332,,,0
1555597497276202754,280,1555597497275923967,/camera_color_optical_frame,marker,0,7,0,0.0,0.0,0.0,0.0,0.0,0.0,0.0,0.04,0.04,0.04,1.0,0.0,0.0,1.0,0,0,0.0175700224936,0.00562262861058,0.413000017405,,,0
1555597497310149333,281,1555597497309827089,/camera_color_optical_frame,marker,0,7,0,0.0,0.0,0.0,0.0,0.0,0.0,0.0,0.04,0.04,0.04,1.0,0.0,0.0,1.0,0,0,0.0176125671715,0.00474081886932,0.414000034332,,,0
1555597497355563629,282,1555597497355257034,/camera_color_optical_frame,marker,0,7,0,0.0,0.0,0.0,0.0,0.0,0.0,0.0,0.04,0.04,0.04,1.0,0.0,0.0,1.0,0,0,0.0176125671715,0.00474081886932,0.414000034332,,,0
1555597497383291880,283,1555597497383047103,/camera_color_optical_frame,marker,0,7,0,0.0,0.0,0.0,0.0,0.0,0.0,0.0,0.04,0.04,0.04,1.0,0.0,0.0,1.0,0,0,0.0176125671715,0.00474081886932,0.414000034332,,,0
1555597497419271868,284,1555597497418935060,/camera_color_optical_frame,marker,0,7,0,0.0,0.0,0.0,0.0,0.0,0.0,0.0,0.04,0.04,0.04,1.0,0.0,0.0,1.0,0,0,0.0167163144797,0.00474081886932,0.414000034332,,,0
1555597497443605910,285,1555597497443337917,/camera_color_optical_frame,marker,0,7,0,0.0,0.0,0.0,0.0,0.0,0.0,0.0,0.04,0.04,0.04,1.0,0.0,0.0,1.0,0,0,0.0175700224936,0.00472936779261,0.413000017405,,,0
1555597497475032070,286,1555597497474803924,/camera_color_optical_frame,marker,0,7,0,0.0,0.0,0.0,0.0,0.0,0.0,0.0,0.04,0.04,0.04,1.0,0.0,0.0,1.0,0,0,0.0176125671715,0.00474081886932,0.414000034332,,,0
1555597497511849759,287,1555597497511598110,/camera_color_optical_frame,marker,0,7,0,0.0,0.0,0.0,0.0,0.0,0.0,0.0,0.04,0.04,0.04,1.0,0.0,0.0,1.0,0,0,0.0167163144797,0.00474081886932,0.414000034332,,,0
1555597497556135639,288,1555597497555893898,/camera_color_optical_frame,marker,0,7,0,0.0,0.0,0.0,0.0,0.0,0.0,0.0,0.04,0.04,0.04,1.0,0.0,0.0,1.0,0,0,0.0176125671715,0.00474081886932,0.414000034332,,,0
1555597497587894038,289,1555597497587546110,/camera_color_optical_frame,marker,0,7,0,0.0,0.0,0.0,0.0,0.0,0.0,0.0,0.04,0.04,0.04,1.0,0.0,0.0,1.0,0,0,0.0176125671715,0.00563624314964,0.414000034332,,,0
1555597497612409835,290,1555597497612147092,/camera_color_optical_frame,marker,0,7,0,0.0,0.0,0.0,0.0,0.0,0.0,0.0,0.04,0.04,0.04,1.0,0.0,0.0,1.0,0,0,0.0176125671715,0.00474081886932,0.414000034332,,,0
1555597497644255280,291,1555597497644002914,/camera_color_optical_frame,marker,0,7,0,0.0,0.0,0.0,0.0,0.0,0.0,0.0,0.04,0.04,0.04,1.0,0.0,0.0,1.0,0,0,0.0176125671715,0.00474081886932,0.414000034332,,,0
1555597497678755562,292,1555597497678508996,/camera_color_optical_frame,marker,0,7,0,0.0,0.0,0.0,0.0,0.0,0.0,0.0,0.04,0.04,0.04,1.0,0.0,0.0,1.0,0,0,0.0175700224936,0.00562262861058,0.413000017405,,,0
1555597497722166729,293,1555597497721904993,/camera_color_optical_frame,marker,0,7,0,0.0,0.0,0.0,0.0,0.0,0.0,0.0,0.04,0.04,0.04,1.0,0.0,0.0,1.0,0,0,0.0176125671715,0.00563624314964,0.414000034332,,,0
1555597497761213244,294,1555597497760967969,/camera_color_optical_frame,marker,0,7,0,0.0,0.0,0.0,0.0,0.0,0.0,0.0,0.04,0.04,0.04,1.0,0.0,0.0,1.0,0,0,0.0176125671715,0.00563624314964,0.414000034332,,,0
1555597497798169519,295,1555597497797884941,/camera_color_optical_frame,marker,0,7,0,0.0,0.0,0.0,0.0,0.0,0.0,0.0,0.04,0.04,0.04,1.0,0.0,0.0,1.0,0,0,0.0176125671715,0.00653166742995,0.414000034332,,,0
1555597497833382699,296,1555597497833113908,/camera_color_optical_frame,marker,0,7,0,0.0,0.0,0.0,0.0,0.0,0.0,0.0,0.04,0.04,0.04,1.0,0.0,0.0,1.0,0,0,0.0176125671715,0.00563624314964,0.414000034332,,,0
1555597497867958529,297,1555597497867711067,/camera_color_optical_frame,marker,0,7,0,0.0,0.0,0.0,0.0,0.0,0.0,0.0,0.04,0.04,0.04,1.0,0.0,0.0,1.0,0,0,0.0175700224936,0.00562262861058,0.413000017405,,,0
1555597497890784392,298,1555597497890539884,/camera_color_optical_frame,marker,0,7,0,0.0,0.0,0.0,0.0,0.0,0.0,0.0,0.04,0.04,0.04,1.0,0.0,0.0,1.0,0,0,0.0175700224936,0.00562262861058,0.413000017405,,,0
1555597497917565505,299,1555597497917244911,/camera_color_optical_frame,marker,0,7,0,0.0,0.0,0.0,0.0,0.0,0.0,0.0,0.04,0.04,0.04,1.0,0.0,0.0,1.0,0,0,0.0175700224936,0.00562262861058,0.413000017405,,,0
1555597497947121713,300,1555597497946883916,/camera_color_optical_frame,marker,0,7,0,0.0,0.0,0.0,0.0,0.0,0.0,0.0,0.04,0.04,0.04,1.0,0.0,0.0,1.0,0,0,0.0185088180006,0.00474081886932,0.414000034332,,,0
1555597497977261701,301,1555597497976998090,/camera_color_optical_frame,marker,0,7,0,0.0,0.0,0.0,0.0,0.0,0.0,0.0,0.04,0.04,0.04,1.0,0.0,0.0,1.0,0,0,0.0175700224936,0.00472936779261,0.413000017405,,,0
1555597498018658130,302,1555597498018408060,/camera_color_optical_frame,marker,0,7,0,0.0,0.0,0.0,0.0,0.0,0.0,0.0,0.04,0.04,0.04,1.0,0.0,0.0,1.0,0,0,0.0175700224936,0.00472936779261,0.413000017405,,,0
1555597498052838148,303,1555597498052504062,/camera_color_optical_frame,marker,0,7,0,0.0,0.0,0.0,0.0,0.0,0.0,0.0,0.04,0.04,0.04,1.0,0.0,0.0,1.0,0,0,0.0166759360582,0.00472936779261,0.413000017405,,,0
1555597498082978418,304,1555597498082711935,/camera_color_optical_frame,marker,0,7,0,0.0,0.0,0.0,0.0,0.0,0.0,0.0,0.04,0.04,0.04,1.0,0.0,0.0,1.0,0,0,0.0166759360582,0.00472936779261,0.413000017405,,,0
1555597498112600736,305,1555597498112288951,/camera_color_optical_frame,marker,0,7,0,0.0,0.0,0.0,0.0,0.0,0.0,0.0,0.04,0.04,0.04,1.0,0.0,0.0,1.0,0,0,0.0175700224936,0.00472936779261,0.413000017405,,,0
1555597498153423649,306,1555597498153134107,/camera_color_optical_frame,marker,0,7,0,0.0,0.0,0.0,0.0,0.0,0.0,0.0,0.04,0.04,0.04,1.0,0.0,0.0,1.0,0,0,0.0176125671715,0.00474081886932,0.414000034332,,,0
1555597498188023109,307,1555597498187635898,/camera_color_optical_frame,marker,0,7,0,0.0,0.0,0.0,0.0,0.0,0.0,0.0,0.04,0.04,0.04,1.0,0.0,0.0,1.0,0,0,0.0175700224936,0.00472936779261,0.413000017405,,,0
1555597498210039895,308,1555597498209717988,/camera_color_optical_frame,marker,0,7,0,0.0,0.0,0.0,0.0,0.0,0.0,0.0,0.04,0.04,0.04,1.0,0.0,0.0,1.0,0,0,0.0175700224936,0.00472936779261,0.413000017405,,,0
1555597498242821381,309,1555597498242571115,/camera_color_optical_frame,marker,0,7,0,0.0,0.0,0.0,0.0,0.0,0.0,0.0,0.04,0.04,0.04,1.0,0.0,0.0,1.0,0,0,0.0175700224936,0.00472936779261,0.413000017405,,,0
1555597498293177838,310,1555597498292923927,/camera_color_optical_frame,marker,0,7,0,0.0,0.0,0.0,0.0,0.0,0.0,0.0,0.04,0.04,0.04,1.0,0.0,0.0,1.0,0,0,0.0184641107917,0.00472936779261,0.413000017405,,,0
1555597498315657042,311,1555597498315382003,/camera_color_optical_frame,marker,0,7,0,0.0,0.0,0.0,0.0,0.0,0.0,0.0,0.04,0.04,0.04,1.0,0.0,0.0,1.0,0,0,0.0175700224936,0.00472936779261,0.413000017405,,,0
1555597498368609044,312,1555597498368346929,/camera_color_optical_frame,marker,0,7,0,0.0,0.0,0.0,0.0,0.0,0.0,0.0,0.04,0.04,0.04,1.0,0.0,0.0,1.0,0,0,0.0176125671715,0.00474081886932,0.414000034332,,,0
1555597498400929959,313,1555597498400682926,/camera_color_optical_frame,marker,0,7,0,0.0,0.0,0.0,0.0,0.0,0.0,0.0,0.04,0.04,0.04,1.0,0.0,0.0,1.0,0,0,0.0167163144797,0.00474081886932,0.414000034332,,,0
1555597498426873081,314,1555597498426604986,/camera_color_optical_frame,marker,0,7,0,0.0,0.0,0.0,0.0,0.0,0.0,0.0,0.04,0.04,0.04,1.0,0.0,0.0,1.0,0,0,0.0166759360582,0.00294284475967,0.413000017405,,,0
1555597498456200904,315,1555597498455925941,/camera_color_optical_frame,marker,0,7,0,0.0,0.0,0.0,0.0,0.0,0.0,0.0,0.04,0.04,0.04,1.0,0.0,0.0,1.0,0,0,0.0166759360582,0.00383610604331,0.413000017405,,,0
1555597498477416579,316,1555597498477175951,/camera_color_optical_frame,marker,0,7,0,0.0,0.0,0.0,0.0,0.0,0.0,0.0,0.04,0.04,0.04,1.0,0.0,0.0,1.0,0,0,0.0166759360582,0.00383610604331,0.413000017405,,,0
1555597498509910790,317,1555597498509627103,/camera_color_optical_frame,marker,0,7,0,0.0,0.0,0.0,0.0,0.0,0.0,0.0,0.04,0.04,0.04,1.0,0.0,0.0,1.0,0,0,0.0166759360582,0.00294284475967,0.413000017405,,,0
1555597498557127902,318,1555597498556853055,/camera_color_optical_frame,marker,0,7,0,0.0,0.0,0.0,0.0,0.0,0.0,0.0,0.04,0.04,0.04,1.0,0.0,0.0,1.0,0,0,0.0157436374575,0.00382681773044,0.412000030279,,,0
1555597498589585946,319,1555597498589268922,/camera_color_optical_frame,marker,0,7,0,0.0,0.0,0.0,0.0,0.0,0.0,0.0,0.04,0.04,0.04,1.0,0.0,0.0,1.0,0,0,0.0166759360582,0.00294284475967,0.413000017405,,,0
1555597498614715592,320,1555597498614382028,/camera_color_optical_frame,marker,0,7,0,0.0,0.0,0.0,0.0,0.0,0.0,0.0,0.04,0.04,0.04,1.0,0.0,0.0,1.0,0,0,0.0166759360582,0.00294284475967,0.413000017405,,,0
1555597498648324411,321,1555597498648022890,/camera_color_optical_frame,marker,0,7,0,0.0,0.0,0.0,0.0,0.0,0.0,0.0,0.04,0.04,0.04,1.0,0.0,0.0,1.0,0,0,0.0166759360582,0.00294284475967,0.413000017405,,,0
1555597498676059314,322,1555597498675785064,/camera_color_optical_frame,marker,0,7,0,0.0,0.0,0.0,0.0,0.0,0.0,0.0,0.04,0.04,0.04,1.0,0.0,0.0,1.0,0,0,0.0166759360582,0.00294284475967,0.413000017405,,,0
1555597498726089122,323,1555597498725774049,/camera_color_optical_frame,marker,0,7,0,0.0,0.0,0.0,0.0,0.0,0.0,0.0,0.04,0.04,0.04,1.0,0.0,0.0,1.0,0,0,0.0166759360582,0.00383610604331,0.413000017405,,,0
1555597498747465552,324,1555597498747229099,/camera_color_optical_frame,marker,0,7,0,0.0,0.0,0.0,0.0,0.0,0.0,0.0,0.04,0.04,0.04,1.0,0.0,0.0,1.0,0,0,0.0175700224936,0.00383610604331,0.413000017405,,,0
1555597498800557756,325,1555597498800288915,/camera_color_optical_frame,marker,0,7,0,0.0,0.0,0.0,0.0,0.0,0.0,0.0,0.04,0.04,0.04,1.0,0.0,0.0,1.0,0,0,0.0166759360582,0.00294284475967,0.413000017405,,,0
1555597498836714151,326,1555597498836421966,/camera_color_optical_frame,marker,0,7,0,0.0,0.0,0.0,0.0,0.0,0.0,0.0,0.04,0.04,0.04,1.0,0.0,0.0,1.0,0,0,0.0166759360582,0.00294284475967,0.413000017405,,,0
1555597498859368313,327,1555597498859122037,/camera_color_optical_frame,marker,0,7,0,0.0,0.0,0.0,0.0,0.0,0.0,0.0,0.04,0.04,0.04,1.0,0.0,0.0,1.0,0,0,0.0166759360582,0.00294284475967,0.413000017405,,,0
1555597498892808961,328,1555597498892524003,/camera_color_optical_frame,marker,0,7,0,0.0,0.0,0.0,0.0,0.0,0.0,0.0,0.04,0.04,0.04,1.0,0.0,0.0,1.0,0,0,0.0166759360582,0.00383610604331,0.413000017405,,,0
1555597498924226558,329,1555597498923896074,/camera_color_optical_frame,marker,0,7,0,0.0,0.0,0.0,0.0,0.0,0.0,0.0,0.04,0.04,0.04,1.0,0.0,0.0,1.0,0,0,0.0166759360582,0.00383610604331,0.413000017405,,,0
1555597498962339321,330,1555597498962057113,/camera_color_optical_frame,marker,0,7,0,0.0,0.0,0.0,0.0,0.0,0.0,0.0,0.04,0.04,0.04,1.0,0.0,0.0,1.0,0,0,0.0166355594993,0.00382681773044,0.412000030279,,,0
1555597498993868257,331,1555597498993544101,/camera_color_optical_frame,marker,0,7,0,0.0,0.0,0.0,0.0,0.0,0.0,0.0,0.04,0.04,0.04,1.0,0.0,0.0,1.0,0,0,0.0167163144797,0.00384539458901,0.414000034332,,,0
1555597499017518435,332,1555597499017282009,/camera_color_optical_frame,marker,0,7,0,0.0,0.0,0.0,0.0,0.0,0.0,0.0,0.04,0.04,0.04,1.0,0.0,0.0,1.0,0,0,0.0157818496227,0.00383610604331,0.413000017405,,,0
1555597499053156153,333,1555597499052788972,/camera_color_optical_frame,marker,0,7,0,0.0,0.0,0.0,0.0,0.0,0.0,0.0,0.04,0.04,0.04,1.0,0.0,0.0,1.0,0,0,0.0157818496227,0.00383610604331,0.413000017405,,,0
1555597499076235917,334,1555597499075962066,/camera_color_optical_frame,marker,0,7,0,0.0,0.0,0.0,0.0,0.0,0.0,0.0,0.04,0.04,0.04,1.0,0.0,0.0,1.0,0,0,0.0166759360582,0.00383610604331,0.413000017405,,,0
1555597499111549692,335,1555597499111300945,/camera_color_optical_frame,marker,0,7,0,0.0,0.0,0.0,0.0,0.0,0.0,0.0,0.04,0.04,0.04,1.0,0.0,0.0,1.0,0,0,0.0167163144797,0.00294997030869,0.414000034332,,,0
1555597499162559143,336,1555597499162296056,/camera_color_optical_frame,marker,0,7,0,0.0,0.0,0.0,0.0,0.0,0.0,0.0,0.04,0.04,0.04,1.0,0.0,0.0,1.0,0,0,0.0157818496227,0.00294284475967,0.413000017405,,,0
1555597499195694413,337,1555597499195441961,/camera_color_optical_frame,marker,0,7,0,0.0,0.0,0.0,0.0,0.0,0.0,0.0,0.04,0.04,0.04,1.0,0.0,0.0,1.0,0,0,0.0157818496227,0.00294284475967,0.413000017405,,,0
1555597499218729810,338,1555597499218451976,/camera_color_optical_frame,marker,0,7,0,0.0,0.0,0.0,0.0,0.0,0.0,0.0,0.04,0.04,0.04,1.0,0.0,0.0,1.0,0,0,0.0157818496227,0.00204958347604,0.413000017405,,,0
1555597499249305275,339,1555597499249022006,/camera_color_optical_frame,marker,0,7,0,0.0,0.0,0.0,0.0,0.0,0.0,0.0,0.04,0.04,0.04,1.0,0.0,0.0,1.0,0,0,0.0157818496227,0.00115632207599,0.413000017405,,,0
1555597499296164170,340,1555597499295878887,/camera_color_optical_frame,marker,0,7,0,0.0,0.0,0.0,0.0,0.0,0.0,0.0,0.04,0.04,0.04,1.0,0.0,0.0,1.0,0,0,0.0149238128215,0.00115912186448,0.414000034332,,,0
1555597499320560317,341,1555597499320188999,/camera_color_optical_frame,marker,0,7,0,0.0,0.0,0.0,0.0,0.0,0.0,0.0,0.04,0.04,0.04,1.0,0.0,0.0,1.0,0,0,0.00685754930601,-0.00869054533541,0.414000034332,,,0
1555597499346786519,342,1555597499346498966,/camera_color_optical_frame,marker,0,7,0,0.0,0.0,0.0,0.0,0.0,0.0,0.0,0.04,0.04,0.04,1.0,0.0,0.0,1.0,0,0,0.00597569625825,-0.0105067100376,0.415000021458,,,0
1555597499389866248,343,1555597499389615058,/camera_color_optical_frame,marker,0,7,0,0.0,0.0,0.0,0.0,0.0,0.0,0.0,0.04,0.04,0.04,1.0,0.0,0.0,1.0,0,0,0.00596129754558,-0.0104813929647,0.414000034332,,,0
1555597499412816117,344,1555597499412583112,/camera_color_optical_frame,marker,0,7,0,0.0,0.0,0.0,0.0,0.0,0.0,0.0,0.04,0.04,0.04,1.0,0.0,0.0,1.0,0,0,0.00596129754558,-0.0104813929647,0.414000034332,,,0
1555597499459781854,345,1555597499459496974,/camera_color_optical_frame,marker,0,7,0,0.0,0.0,0.0,0.0,0.0,0.0,0.0,0.04,0.04,0.04,1.0,0.0,0.0,1.0,0,0,0.00506504578516,-0.0122722424567,0.414000034332,,,0
1555597499482400974,346,1555597499482156038,/camera_color_optical_frame,marker,0,7,0,0.0,0.0,0.0,0.0,0.0,0.0,0.0,0.04,0.04,0.04,1.0,0.0,0.0,1.0,0,0,0.00594689790159,-0.0104560749605,0.413000017405,,,0
1555597499512141118,347,1555597499511847019,/camera_color_optical_frame,marker,0,7,0,0.0,0.0,0.0,0.0,0.0,0.0,0.0,0.04,0.04,0.04,1.0,0.0,0.0,1.0,0,0,0.00596129754558,-0.0113768177107,0.414000034332,,,0
1555597499562614532,348,1555597499561892986,/camera_color_optical_frame,marker,0,7,0,0.0,0.0,0.0,0.0,0.0,0.0,0.0,0.04,0.04,0.04,1.0,0.0,0.0,1.0,0,0,0.00505281146616,-0.0104560749605,0.413000017405,,,0
1555597499599853548,349,1555597499599448919,/camera_color_optical_frame,marker,0,7,0,0.0,0.0,0.0,0.0,0.0,0.0,0.0,0.04,0.04,0.04,1.0,0.0,0.0,1.0,0,0,0.0157818496227,0.00115632207599,0.413000017405,,,0
1555597499627256037,350,1555597499626930952,/camera_color_optical_frame,marker,0,7,0,0.0,0.0,0.0,0.0,0.0,0.0,0.0,0.04,0.04,0.04,1.0,0.0,0.0,1.0,0,0,0.0157818496227,0.00115632207599,0.413000017405,,,0
1555597499650951832,351,1555597499650656938,/camera_color_optical_frame,marker,0,7,0,0.0,0.0,0.0,0.0,0.0,0.0,0.0,0.04,0.04,0.04,1.0,0.0,0.0,1.0,0,0,0.0166759360582,0.00294284475967,0.413000017405,,,0
1555597499691664749,352,1555597499691420078,/camera_color_optical_frame,marker,0,7,0,0.0,0.0,0.0,0.0,0.0,0.0,0.0,0.04,0.04,0.04,1.0,0.0,0.0,1.0,0,0,0.0167163144797,0.00294997030869,0.414000034332,,,0
1555597499714597562,353,1555597499714354991,/camera_color_optical_frame,marker,0,7,0,0.0,0.0,0.0,0.0,0.0,0.0,0.0,0.04,0.04,0.04,1.0,0.0,0.0,1.0,0,0,0.0167163144797,0.00294997030869,0.414000034332,,,0
1555597499751619637,354,1555597499751374006,/camera_color_optical_frame,marker,0,7,0,0.0,0.0,0.0,0.0,0.0,0.0,0.0,0.04,0.04,0.04,1.0,0.0,0.0,1.0,0,0,0.0167163144797,0.00294997030869,0.414000034332,,,0
1555597499784226048,355,1555597499783952951,/camera_color_optical_frame,marker,0,7,0,0.0,0.0,0.0,0.0,0.0,0.0,0.0,0.04,0.04,0.04,1.0,0.0,0.0,1.0,0,0,0.0149238128215,0.00115912186448,0.414000034332,,,0
1555597499826391406,356,1555597499826143980,/camera_color_optical_frame,marker,0,7,0,0.0,0.0,0.0,0.0,0.0,0.0,0.0,0.04,0.04,0.04,1.0,0.0,0.0,1.0,0,0,0.0157818496227,0.00115632207599,0.413000017405,,,0
1555597499861290270,357,1555597499861006021,/camera_color_optical_frame,marker,0,7,0,0.0,0.0,0.0,0.0,0.0,0.0,0.0,0.04,0.04,0.04,1.0,0.0,0.0,1.0,0,0,0.0148877641186,0.00115632207599,0.413000017405,,,0
1555597499887676172,358,1555597499887280941,/camera_color_optical_frame,marker,0,7,0,0.0,0.0,0.0,0.0,0.0,0.0,0.0,0.04,0.04,0.04,1.0,0.0,0.0,1.0,0,0,0.00685754930601,-0.0104813929647,0.414000034332,,,0
1555597499916590480,359,1555597499916332960,/camera_color_optical_frame,marker,0,7,0,0.0,0.0,0.0,0.0,0.0,0.0,0.0,0.04,0.04,0.04,1.0,0.0,0.0,1.0,0,0,0.00684098480269,-0.00956281367689,0.413000017405,,,0
1555597499964114960,360,1555597499963845014,/camera_color_optical_frame,marker,0,7,0,0.0,0.0,0.0,0.0,0.0,0.0,0.0,0.04,0.04,0.04,1.0,0.0,0.0,1.0,0,0,0.00594689790159,-0.00956281367689,0.413000017405,,,0
1555597499998370903,361,1555597499998100042,/camera_color_optical_frame,marker,0,7,0,0.0,0.0,0.0,0.0,0.0,0.0,0.0,0.04,0.04,0.04,1.0,0.0,0.0,1.0,0,0,0.00684098480269,-0.00956281367689,0.413000017405,,,0
1555597500022255673,362,1555597500021961927,/camera_color_optical_frame,marker,0,7,0,0.0,0.0,0.0,0.0,0.0,0.0,0.0,0.04,0.04,0.04,1.0,0.0,0.0,1.0,0,0,0.00594689790159,-0.00777629157528,0.413000017405,,,0
1555597500049813421,363,1555597500049546003,/camera_color_optical_frame,marker,0,7,0,0.0,0.0,0.0,0.0,0.0,0.0,0.0,0.04,0.04,0.04,1.0,0.0,0.0,1.0,0,0,0.00685754930601,-0.00958596915007,0.414000034332,,,0
1555597500089325747,364,1555597500089066982,/camera_color_optical_frame,marker,0,7,0,0.0,0.0,0.0,0.0,0.0,0.0,0.0,0.04,0.04,0.04,1.0,0.0,0.0,1.0,0,0,0.00593249872327,-0.00953966006637,0.412000030279,,,0
1555597500112029687,365,1555597500111784934,/camera_color_optical_frame,marker,0,7,0,0.0,0.0,0.0,0.0,0.0,0.0,0.0,0.04,0.04,0.04,1.0,0.0,0.0,1.0,0,0,0.00594689790159,-0.00956281367689,0.413000017405,,,0
1555597500151921840,366,1555597500151658058,/camera_color_optical_frame,marker,0,7,0,0.0,0.0,0.0,0.0,0.0,0.0,0.0,0.04,0.04,0.04,1.0,0.0,0.0,1.0,0,0,0.00594689790159,-0.00956281367689,0.413000017405,,,0
1555597500182156818,367,1555597500181849002,/camera_color_optical_frame,marker,0,7,0,0.0,0.0,0.0,0.0,0.0,0.0,0.0,0.04,0.04,0.04,1.0,0.0,0.0,1.0,0,0,0.00596129754558,-0.0104813929647,0.414000034332,,,0
1555597500221351164,368,1555597500221052885,/camera_color_optical_frame,marker,0,7,0,0.0,0.0,0.0,0.0,0.0,0.0,0.0,0.04,0.04,0.04,1.0,0.0,0.0,1.0,0,0,0.00596129754558,-0.0104813929647,0.414000034332,,,0
1555597500257860335,369,1555597500257582902,/camera_color_optical_frame,marker,0,7,0,0.0,0.0,0.0,0.0,0.0,0.0,0.0,0.04,0.04,0.04,1.0,0.0,0.0,1.0,0,0,0.0157818496227,0.00115632207599,0.413000017405,,,0
1555597500295374900,370,1555597500295011043,/camera_color_optical_frame,marker,0,7,0,0.0,0.0,0.0,0.0,0.0,0.0,0.0,0.04,0.04,0.04,1.0,0.0,0.0,1.0,0,0,0.0167163144797,0.00115912186448,0.414000034332,,,0
1555597500321620266,371,1555597500320667982,/camera_color_optical_frame,marker,0,7,0,0.0,0.0,0.0,0.0,0.0,0.0,0.0,0.04,0.04,0.04,1.0,0.0,0.0,1.0,0,0,0.0167163144797,0.00205454626121,0.414000034332,,,0
1555597500348558242,372,1555597500348244905,/camera_color_optical_frame,marker,0,7,0,0.0,0.0,0.0,0.0,0.0,0.0,0.0,0.04,0.04,0.04,1.0,0.0,0.0,1.0,0,0,0.0157818496227,0.00204958347604,0.413000017405,,,0
1555597500389093414,373,1555597500388791084,/camera_color_optical_frame,marker,0,7,0,0.0,0.0,0.0,0.0,0.0,0.0,0.0,0.04,0.04,0.04,1.0,0.0,0.0,1.0,0,0,0.0158200636506,0.00205454626121,0.414000034332,,,0
1555597500412230024,374,1555597500411952018,/camera_color_optical_frame,marker,0,7,0,0.0,0.0,0.0,0.0,0.0,0.0,0.0,0.04,0.04,0.04,1.0,0.0,0.0,1.0,0,0,0.0158200636506,0.00115912186448,0.414000034332,,,0
1555597500447095655,375,1555597500446854114,/camera_color_optical_frame,marker,0,7,0,0.0,0.0,0.0,0.0,0.0,0.0,0.0,0.04,0.04,0.04,1.0,0.0,0.0,1.0,0,0,0.0148877641186,0.00294284475967,0.413000017405,,,0
1555597500497509874,376,1555597500497237920,/camera_color_optical_frame,marker,0,7,0,0.0,0.0,0.0,0.0,0.0,0.0,0.0,0.04,0.04,0.04,1.0,0.0,0.0,1.0,0,0,0.0158200636506,0.00115912186448,0.414000034332,,,0
1555597500530158720,377,1555597500529819011,/camera_color_optical_frame,marker,0,7,0,0.0,0.0,0.0,0.0,0.0,0.0,0.0,0.04,0.04,0.04,1.0,0.0,0.0,1.0,0,0,0.0148877641186,0.00115632207599,0.413000017405,,,0
1555597500564435765,378,1555597500564068078,/camera_color_optical_frame,marker,0,7,0,0.0,0.0,0.0,0.0,0.0,0.0,0.0,0.04,0.04,0.04,1.0,0.0,0.0,1.0,0,0,0.00596129754558,-0.00958596915007,0.414000034332,,,0
1555597500588591141,379,1555597500588011980,/camera_color_optical_frame,marker,0,7,0,0.0,0.0,0.0,0.0,0.0,0.0,0.0,0.04,0.04,0.04,1.0,0.0,0.0,1.0,0,0,0.0158200636506,0.00115912186448,0.414000034332,,,0
1555597500618086996,380,1555597500617814064,/camera_color_optical_frame,marker,0,7,0,0.0,0.0,0.0,0.0,0.0,0.0,0.0,0.04,0.04,0.04,1.0,0.0,0.0,1.0,0,0,0.0158200636506,0.00115912186448,0.414000034332,,,0
1555597500644731631,381,1555597500644475936,/camera_color_optical_frame,marker,0,7,0,0.0,0.0,0.0,0.0,0.0,0.0,0.0,0.04,0.04,0.04,1.0,0.0,0.0,1.0,0,0,0.0148877641186,0.00115632207599,0.413000017405,,,0
1555597500713334320,382,1555597500713047027,/camera_color_optical_frame,marker,0,7,0,0.0,0.0,0.0,0.0,0.0,0.0,0.0,0.04,0.04,0.04,1.0,0.0,0.0,1.0,0,0,0.0158200636506,0.00115912186448,0.414000034332,,,0
1555597500736619561,383,1555597500736375093,/camera_color_optical_frame,marker,0,7,0,0.0,0.0,0.0,0.0,0.0,0.0,0.0,0.04,0.04,0.04,1.0,0.0,0.0,1.0,0,0,0.0167163144797,0.00205454626121,0.414000034332,,,0
1555597500769015005,384,1555597500768728971,/camera_color_optical_frame,marker,0,7,0,0.0,0.0,0.0,0.0,0.0,0.0,0.0,0.04,0.04,0.04,1.0,0.0,0.0,1.0,0,0,0.0167163144797,0.00115912186448,0.414000034332,,,0
1555597500805107239,385,1555597500804841995,/camera_color_optical_frame,marker,0,7,0,0.0,0.0,0.0,0.0,0.0,0.0,0.0,0.04,0.04,0.04,1.0,0.0,0.0,1.0,0,0,0.0167163144797,0.00205454626121,0.414000034332,,,0
1555597500836118616,386,1555597500835844993,/camera_color_optical_frame,marker,0,7,0,0.0,0.0,0.0,0.0,0.0,0.0,0.0,0.04,0.04,0.04,1.0,0.0,0.0,1.0,0,0,0.0157818496227,0.00204958347604,0.413000017405,,,0
1555597500869273612,387,1555597500868896961,/camera_color_optical_frame,marker,0,7,0,0.0,0.0,0.0,0.0,0.0,0.0,0.0,0.04,0.04,0.04,1.0,0.0,0.0,1.0,0,0,0.0167566910386,0.00295709585771,0.415000021458,,,0
1555597500892514375,388,1555597500892216920,/camera_color_optical_frame,marker,0,7,0,0.0,0.0,0.0,0.0,0.0,0.0,0.0,0.04,0.04,0.04,1.0,0.0,0.0,1.0,0,0,0.014851716347,0.0020446209237,0.412000030279,,,0
1555597500920544813,389,1555597500920305013,/camera_color_optical_frame,marker,0,7,0,0.0,0.0,0.0,0.0,0.0,0.0,0.0,0.04,0.04,0.04,1.0,0.0,0.0,1.0,0,0,0.0157818496227,0.00204958347604,0.413000017405,,,0
1555597500943880082,390,1555597500943571090,/camera_color_optical_frame,marker,0,7,0,0.0,0.0,0.0,0.0,0.0,0.0,0.0,0.04,0.04,0.04,1.0,0.0,0.0,1.0,0,0,0.0157818496227,0.00204958347604,0.413000017405,,,0
1555597500978047093,391,1555597500977746009,/camera_color_optical_frame,marker,0,7,0,0.0,0.0,0.0,0.0,0.0,0.0,0.0,0.04,0.04,0.04,1.0,0.0,0.0,1.0,0,0,0.0158200636506,0.00205454626121,0.414000034332,,,0
1555597501024170589,392,1555597501023811101,/camera_color_optical_frame,marker,0,7,0,0.0,0.0,0.0,0.0,0.0,0.0,0.0,0.04,0.04,0.04,1.0,0.0,0.0,1.0,0,0,0.0157818496227,0.00204958347604,0.413000017405,,,0
1555597501060774986,393,1555597501060481071,/camera_color_optical_frame,marker,0,7,0,0.0,0.0,0.0,0.0,0.0,0.0,0.0,0.04,0.04,0.04,1.0,0.0,0.0,1.0,0,0,0.0158200636506,0.00115912186448,0.414000034332,,,0
1555597501082984182,394,1555597501082739114,/camera_color_optical_frame,marker,0,7,0,0.0,0.0,0.0,0.0,0.0,0.0,0.0,0.04,0.04,0.04,1.0,0.0,0.0,1.0,0,0,0.0158200636506,0.00205454626121,0.414000034332,,,0
1555597501114131983,395,1555597501113845109,/camera_color_optical_frame,marker,0,7,0,0.0,0.0,0.0,0.0,0.0,0.0,0.0,0.04,0.04,0.04,1.0,0.0,0.0,1.0,0,0,0.0158200636506,0.00205454626121,0.414000034332,,,0
1555597501146436861,396,1555597501146174907,/camera_color_optical_frame,marker,0,7,0,0.0,0.0,0.0,0.0,0.0,0.0,0.0,0.04,0.04,0.04,1.0,0.0,0.0,1.0,0,0,0.0157818496227,0.00115632207599,0.413000017405,,,0
1555597501191423963,397,1555597501191137075,/camera_color_optical_frame,marker,0,7,0,0.0,0.0,0.0,0.0,0.0,0.0,0.0,0.04,0.04,0.04,1.0,0.0,0.0,1.0,0,0,0.0158200636506,0.00205454626121,0.414000034332,,,0
1555597501216451488,398,1555597501216203927,/camera_color_optical_frame,marker,0,7,0,0.0,0.0,0.0,0.0,0.0,0.0,0.0,0.04,0.04,0.04,1.0,0.0,0.0,1.0,0,0,0.0158200636506,0.00115912186448,0.414000034332,,,0
1555597501247490135,399,1555597501247243881,/camera_color_optical_frame,marker,0,7,0,0.0,0.0,0.0,0.0,0.0,0.0,0.0,0.04,0.04,0.04,1.0,0.0,0.0,1.0,0,0,0.014851716347,0.0011535222875,0.412000030279,,,0
1555597501287271154,400,1555597501286957979,/camera_color_optical_frame,marker,0,7,0,0.0,0.0,0.0,0.0,0.0,0.0,0.0,0.04,0.04,0.04,1.0,0.0,0.0,1.0,0,0,0.0157818496227,0.00204958347604,0.413000017405,,,0
1555597501318106247,401,1555597501317872047,/camera_color_optical_frame,marker,0,7,0,0.0,0.0,0.0,0.0,0.0,0.0,0.0,0.04,0.04,0.04,1.0,0.0,0.0,1.0,0,0,0.0158200636506,0.00205454626121,0.414000034332,,,0
1555597501361332623,402,1555597501360960006,/camera_color_optical_frame,marker,0,7,0,0.0,0.0,0.0,0.0,0.0,0.0,0.0,0.04,0.04,0.04,1.0,0.0,0.0,1.0,0,0,0.0157818496227,0.00115632207599,0.413000017405,,,0
1555597501395165228,403,1555597501394737005,/camera_color_optical_frame,marker,0,7,0,0.0,0.0,0.0,0.0,0.0,0.0,0.0,0.04,0.04,0.04,1.0,0.0,0.0,1.0,0,0,0.0148877641186,0.00115632207599,0.413000017405,,,0
1555597501422390546,404,1555597501422039031,/camera_color_optical_frame,marker,0,7,0,0.0,0.0,0.0,0.0,0.0,0.0,0.0,0.04,0.04,0.04,1.0,0.0,0.0,1.0,0,0,0.0157818496227,0.00115632207599,0.413000017405,,,0
1555597501456259910,405,1555597501455831050,/camera_color_optical_frame,marker,0,7,0,0.0,0.0,0.0,0.0,0.0,0.0,0.0,0.04,0.04,0.04,1.0,0.0,0.0,1.0,0,0,0.0157818496227,0.00204958347604,0.413000017405,,,0
1555597501488067115,406,1555597501487651109,/camera_color_optical_frame,marker,0,7,0,0.0,0.0,0.0,0.0,0.0,0.0,0.0,0.04,0.04,0.04,1.0,0.0,0.0,1.0,0,0,0.0157818496227,0.00204958347604,0.413000017405,,,0
1555597501512725920,407,1555597501512485980,/camera_color_optical_frame,marker,0,7,0,0.0,0.0,0.0,0.0,0.0,0.0,0.0,0.04,0.04,0.04,1.0,0.0,0.0,1.0,0,0,0.0158200636506,0.00115912186448,0.414000034332,,,0
1555597501547555744,408,1555597501547307014,/camera_color_optical_frame,marker,0,7,0,0.0,0.0,0.0,0.0,0.0,0.0,0.0,0.04,0.04,0.04,1.0,0.0,0.0,1.0,0,0,0.0148877641186,0.000263060675934,0.413000017405,,,0
1555597501594558099,409,1555597501594265937,/camera_color_optical_frame,marker,0,7,0,0.0,0.0,0.0,0.0,0.0,0.0,0.0,0.04,0.04,0.04,1.0,0.0,0.0,1.0,0,0,0.0158200636506,0.00205454626121,0.414000034332,,,0
1555597501617546636,410,1555597501617269992,/camera_color_optical_frame,marker,0,7,0,0.0,0.0,0.0,0.0,0.0,0.0,0.0,0.04,0.04,0.04,1.0,0.0,0.0,1.0,0,0,0.0157818496227,0.00115632207599,0.413000017405,,,0
1555597501649501664,411,1555597501649158000,/camera_color_optical_frame,marker,0,7,0,0.0,0.0,0.0,0.0,0.0,0.0,0.0,0.04,0.04,0.04,1.0,0.0,0.0,1.0,0,0,0.0148877641186,0.00115632207599,0.413000017405,,,0
1555597501692576195,412,1555597501692310094,/camera_color_optical_frame,marker,0,7,0,0.0,0.0,0.0,0.0,0.0,0.0,0.0,0.04,0.04,0.04,1.0,0.0,0.0,1.0,0,0,0.0148877641186,0.00204958347604,0.413000017405,,,0
1555597501714269660,413,1555597501714030027,/camera_color_optical_frame,marker,0,7,0,0.0,0.0,0.0,0.0,0.0,0.0,0.0,0.04,0.04,0.04,1.0,0.0,0.0,1.0,0,0,0.0157818496227,0.00204958347604,0.413000017405,,,0
1555597501745272654,414,1555597501745013952,/camera_color_optical_frame,marker,0,7,0,0.0,0.0,0.0,0.0,0.0,0.0,0.0,0.04,0.04,0.04,1.0,0.0,0.0,1.0,0,0,0.0158200636506,0.00115912186448,0.414000034332,,,0
1555597501786552192,415,1555597501786287069,/camera_color_optical_frame,marker,0,7,0,0.0,0.0,0.0,0.0,0.0,0.0,0.0,0.04,0.04,0.04,1.0,0.0,0.0,1.0,0,0,0.0148877641186,0.00115632207599,0.413000017405,,,0
1555597501831052201,416,1555597501830781936,/camera_color_optical_frame,marker,0,7,0,0.0,0.0,0.0,0.0,0.0,0.0,0.0,0.04,0.04,0.04,1.0,0.0,0.0,1.0,0,0,0.0158200636506,0.00294997030869,0.414000034332,,,0
1555597501852442819,417,1555597501852179050,/camera_color_optical_frame,marker,0,7,0,0.0,0.0,0.0,0.0,0.0,0.0,0.0,0.04,0.04,0.04,1.0,0.0,0.0,1.0,0,0,0.0157818496227,0.00204958347604,0.413000017405,,,0
1555597501879339046,418,1555597501879080057,/camera_color_optical_frame,marker,0,7,0,0.0,0.0,0.0,0.0,0.0,0.0,0.0,0.04,0.04,0.04,1.0,0.0,0.0,1.0,0,0,0.0148877641186,0.00115632207599,0.413000017405,,,0
1555597501932239849,419,1555597501931888103,/camera_color_optical_frame,marker,0,7,0,0.0,0.0,0.0,0.0,0.0,0.0,0.0,0.04,0.04,0.04,1.0,0.0,0.0,1.0,0,0,0.0158200636506,0.00205454626121,0.414000034332,,,0
1555597501967462886,420,1555597501967202901,/camera_color_optical_frame,marker,0,7,0,0.0,0.0,0.0,0.0,0.0,0.0,0.0,0.04,0.04,0.04,1.0,0.0,0.0,1.0,0,0,0.0158200636506,0.00205454626121,0.414000034332,,,0
1555597501999629660,421,1555597501999237060,/camera_color_optical_frame,marker,0,7,0,0.0,0.0,0.0,0.0,0.0,0.0,0.0,0.04,0.04,0.04,1.0,0.0,0.0,1.0,0,0,0.0157818496227,0.00115632207599,0.413000017405,,,0
1555597502033316142,422,1555597502032978057,/camera_color_optical_frame,marker,0,7,0,0.0,0.0,0.0,0.0,0.0,0.0,0.0,0.04,0.04,0.04,1.0,0.0,0.0,1.0,0,0,0.0148877641186,0.00204958347604,0.413000017405,,,0
1555597502057408629,423,1555597502057152986,/camera_color_optical_frame,marker,0,7,0,0.0,0.0,0.0,0.0,0.0,0.0,0.0,0.04,0.04,0.04,1.0,0.0,0.0,1.0,0,0,0.0158200636506,0.00115912186448,0.414000034332,,,0
1555597502086724098,424,1555597502086344957,/camera_color_optical_frame,marker,0,7,0,0.0,0.0,0.0,0.0,0.0,0.0,0.0,0.04,0.04,0.04,1.0,0.0,0.0,1.0,0,0,0.0157818496227,0.00204958347604,0.413000017405,,,0
1555597502129191366,425,1555597502128890991,/camera_color_optical_frame,marker,0,7,0,0.0,0.0,0.0,0.0,0.0,0.0,0.0,0.04,0.04,0.04,1.0,0.0,0.0,1.0,0,0,0.0158200636506,0.00205454626121,0.414000034332,,,0
1555597502152621850,426,1555597502152379989,/camera_color_optical_frame,marker,0,7,0,0.0,0.0,0.0,0.0,0.0,0.0,0.0,0.04,0.04,0.04,1.0,0.0,0.0,1.0,0,0,0.0148877641186,0.00204958347604,0.413000017405,,,0
1555597502186646949,427,1555597502186372041,/camera_color_optical_frame,marker,0,7,0,0.0,0.0,0.0,0.0,0.0,0.0,0.0,0.04,0.04,0.04,1.0,0.0,0.0,1.0,0,0,0.0158200636506,0.00205454626121,0.414000034332,,,0
1555597502232597421,428,1555597502232265949,/camera_color_optical_frame,marker,0,7,0,0.0,0.0,0.0,0.0,0.0,0.0,0.0,0.04,0.04,0.04,1.0,0.0,0.0,1.0,0,0,0.0158200636506,0.00205454626121,0.414000034332,,,0
1555597502257303019,429,1555597502257059097,/camera_color_optical_frame,marker,0,7,0,0.0,0.0,0.0,0.0,0.0,0.0,0.0,0.04,0.04,0.04,1.0,0.0,0.0,1.0,0,0,0.0157818496227,0.00204958347604,0.413000017405,,,0
1555597502287230510,430,1555597502286962032,/camera_color_optical_frame,marker,0,7,0,0.0,0.0,0.0,0.0,0.0,0.0,0.0,0.04,0.04,0.04,1.0,0.0,0.0,1.0,0,0,0.0157818496227,0.00294284475967,0.413000017405,,,0
1555597502312096481,431,1555597502311840057,/camera_color_optical_frame,marker,0,7,0,0.0,0.0,0.0,0.0,0.0,0.0,0.0,0.04,0.04,0.04,1.0,0.0,0.0,1.0,0,0,0.0157818496227,0.00204958347604,0.413000017405,,,0
1555597502362941804,432,1555597502362648963,/camera_color_optical_frame,marker,0,7,0,0.0,0.0,0.0,0.0,0.0,0.0,0.0,0.04,0.04,0.04,1.0,0.0,0.0,1.0,0,0,0.0158200636506,0.00205454626121,0.414000034332,,,0
1555597502397848431,433,1555597502397579908,/camera_color_optical_frame,marker,0,7,0,0.0,0.0,0.0,0.0,0.0,0.0,0.0,0.04,0.04,0.04,1.0,0.0,0.0,1.0,0,0,0.0158200636506,0.00205454626121,0.414000034332,,,0
1555597502430943738,434,1555597502430598974,/camera_color_optical_frame,marker,0,7,0,0.0,0.0,0.0,0.0,0.0,0.0,0.0,0.04,0.04,0.04,1.0,0.0,0.0,1.0,0,0,0.0157818496227,0.00204958347604,0.413000017405,,,0
1555597502457034996,435,1555597502456728935,/camera_color_optical_frame,marker,0,7,0,0.0,0.0,0.0,0.0,0.0,0.0,0.0,0.04,0.04,0.04,1.0,0.0,0.0,1.0,0,0,0.0158200636506,0.00294997030869,0.414000034332,,,0
1555597502483380996,436,1555597502483139038,/camera_color_optical_frame,marker,0,7,0,0.0,0.0,0.0,0.0,0.0,0.0,0.0,0.04,0.04,0.04,1.0,0.0,0.0,1.0,0,0,0.0158200636506,0.00294997030869,0.414000034332,,,0
1555597502525994472,437,1555597502525707960,/camera_color_optical_frame,marker,0,7,0,0.0,0.0,0.0,0.0,0.0,0.0,0.0,0.04,0.04,0.04,1.0,0.0,0.0,1.0,0,0,0.0158200636506,0.00294997030869,0.414000034332,,,0
1555597502557779393,438,1555597502557418107,/camera_color_optical_frame,marker,0,7,0,0.0,0.0,0.0,0.0,0.0,0.0,0.0,0.04,0.04,0.04,1.0,0.0,0.0,1.0,0,0,0.0157818496227,0.00204958347604,0.413000017405,,,0
1555597502581183305,439,1555597502580941915,/camera_color_optical_frame,marker,0,7,0,0.0,0.0,0.0,0.0,0.0,0.0,0.0,0.04,0.04,0.04,1.0,0.0,0.0,1.0,0,0,0.0166759360582,0.00383610604331,0.413000017405,,,0
1555597502616951324,440,1555597502616660118,/camera_color_optical_frame,marker,0,7,0,0.0,0.0,0.0,0.0,0.0,0.0,0.0,0.04,0.04,0.04,1.0,0.0,0.0,1.0,0,0,0.0149238128215,0.00294997030869,0.414000034332,,,0
1555597502653646528,441,1555597502653409004,/camera_color_optical_frame,marker,0,7,0,0.0,0.0,0.0,0.0,0.0,0.0,0.0,0.04,0.04,0.04,1.0,0.0,0.0,1.0,0,0,0.0158200636506,0.00294997030869,0.414000034332,,,0
1555597502702219488,442,1555597502701908111,/camera_color_optical_frame,marker,0,7,0,0.0,0.0,0.0,0.0,0.0,0.0,0.0,0.04,0.04,0.04,1.0,0.0,0.0,1.0,0,0,0.0167163144797,0.00384539458901,0.414000034332,,,0
1555597502726571347,443,1555597502726255893,/camera_color_optical_frame,marker,0,7,0,0.0,0.0,0.0,0.0,0.0,0.0,0.0,0.04,0.04,0.04,1.0,0.0,0.0,1.0,0,0,0.0157818496227,0.00204958347604,0.413000017405,,,0
1555597502754537190,444,1555597502754282951,/camera_color_optical_frame,marker,0,7,0,0.0,0.0,0.0,0.0,0.0,0.0,0.0,0.04,0.04,0.04,1.0,0.0,0.0,1.0,0,0,0.0157818496227,0.00204958347604,0.413000017405,,,0
1555597502779335388,445,1555597502779088020,/camera_color_optical_frame,marker,0,7,0,0.0,0.0,0.0,0.0,0.0,0.0,0.0,0.04,0.04,0.04,1.0,0.0,0.0,1.0,0,0,0.0167163144797,0.00294997030869,0.414000034332,,,0
1555597502824674513,446,1555597502824378967,/camera_color_optical_frame,marker,0,7,0,0.0,0.0,0.0,0.0,0.0,0.0,0.0,0.04,0.04,0.04,1.0,0.0,0.0,1.0,0,0,0.0167163144797,0.00294997030869,0.414000034332,,,0
1555597502846738693,447,1555597502846497058,/camera_color_optical_frame,marker,0,7,0,0.0,0.0,0.0,0.0,0.0,0.0,0.0,0.04,0.04,0.04,1.0,0.0,0.0,1.0,0,0,0.0167163144797,0.00294997030869,0.414000034332,,,0
1555597502898201388,448,1555597502897921085,/camera_color_optical_frame,marker,0,7,0,0.0,0.0,0.0,0.0,0.0,0.0,0.0,0.04,0.04,0.04,1.0,0.0,0.0,1.0,0,0,0.0167163144797,0.00294997030869,0.414000034332,,,0
1555597502933650154,449,1555597502933352947,/camera_color_optical_frame,marker,0,7,0,0.0,0.0,0.0,0.0,0.0,0.0,0.0,0.04,0.04,0.04,1.0,0.0,0.0,1.0,0,0,0.0167163144797,0.00294997030869,0.414000034332,,,0
1555597502969046317,450,1555597502968765974,/camera_color_optical_frame,marker,0,7,0,0.0,0.0,0.0,0.0,0.0,0.0,0.0,0.04,0.04,0.04,1.0,0.0,0.0,1.0,0,0,0.0167163144797,0.00384539458901,0.414000034332,,,0
1555597502998179658,451,1555597502997912883,/camera_color_optical_frame,marker,0,7,0,0.0,0.0,0.0,0.0,0.0,0.0,0.0,0.04,0.04,0.04,1.0,0.0,0.0,1.0,0,0,0.0157818496227,0.00294284475967,0.413000017405,,,0
1555597503024493629,452,1555597503024252891,/camera_color_optical_frame,marker,0,7,0,0.0,0.0,0.0,0.0,0.0,0.0,0.0,0.04,0.04,0.04,1.0,0.0,0.0,1.0,0,0,0.0167163144797,0.00294997030869,0.414000034332,,,0
1555597503059647235,453,1555597503059334993,/camera_color_optical_frame,marker,0,7,0,0.0,0.0,0.0,0.0,0.0,0.0,0.0,0.04,0.04,0.04,1.0,0.0,0.0,1.0,0,0,0.0167163144797,0.00294997030869,0.414000034332,,,0
1555597503082114606,454,1555597503081861972,/camera_color_optical_frame,marker,0,7,0,0.0,0.0,0.0,0.0,0.0,0.0,0.0,0.04,0.04,0.04,1.0,0.0,0.0,1.0,0,0,0.0157818496227,0.00294284475967,0.413000017405,,,0
1555597503116218616,455,1555597503115957021,/camera_color_optical_frame,marker,0,7,0,0.0,0.0,0.0,0.0,0.0,0.0,0.0,0.04,0.04,0.04,1.0,0.0,0.0,1.0,0,0,0.0167163144797,0.00384539458901,0.414000034332,,,0
1555597503157488794,456,1555597503157191038,/camera_color_optical_frame,marker,0,7,0,0.0,0.0,0.0,0.0,0.0,0.0,0.0,0.04,0.04,0.04,1.0,0.0,0.0,1.0,0,0,0.0167163144797,0.00294997030869,0.414000034332,,,0
1555597503180245605,457,1555597503179968118,/camera_color_optical_frame,marker,0,7,0,0.0,0.0,0.0,0.0,0.0,0.0,0.0,0.04,0.04,0.04,1.0,0.0,0.0,1.0,0,0,0.0176125671715,0.00294997030869,0.414000034332,,,0
1555597503224880458,458,1555597503224611043,/camera_color_optical_frame,marker,0,7,0,0.0,0.0,0.0,0.0,0.0,0.0,0.0,0.04,0.04,0.04,1.0,0.0,0.0,1.0,0,0,0.0167163144797,0.00205454626121,0.414000034332,,,0
1555597503254977723,459,1555597503254693984,/camera_color_optical_frame,marker,0,7,0,0.0,0.0,0.0,0.0,0.0,0.0,0.0,0.04,0.04,0.04,1.0,0.0,0.0,1.0,0,0,0.0175700224936,0.00204958347604,0.413000017405,,,0
1555597503307749118,460,1555597503307461977,/camera_color_optical_frame,marker,0,7,0,0.0,0.0,0.0,0.0,0.0,0.0,0.0,0.04,0.04,0.04,1.0,0.0,0.0,1.0,0,0,0.0184641107917,0.00204958347604,0.413000017405,,,0
1555597503344201476,461,1555597503343910932,/camera_color_optical_frame,marker,0,7,0,0.0,0.0,0.0,0.0,0.0,0.0,0.0,0.04,0.04,0.04,1.0,0.0,0.0,1.0,0,0,0.0176125671715,0.00115912186448,0.414000034332,,,0
1555597503377969157,462,1555597503377733945,/camera_color_optical_frame,marker,0,7,0,0.0,0.0,0.0,0.0,0.0,0.0,0.0,0.04,0.04,0.04,1.0,0.0,0.0,1.0,0,0,0.0185088180006,0.00205454626121,0.414000034332,,,0
1555597503410746901,463,1555597503410470962,/camera_color_optical_frame,marker,0,7,0,0.0,0.0,0.0,0.0,0.0,0.0,0.0,0.04,0.04,0.04,1.0,0.0,0.0,1.0,0,0,0.0185088180006,0.000263697642367,0.414000034332,,,0
1555597503433024006,464,1555597503432629108,/camera_color_optical_frame,marker,0,7,0,0.0,0.0,0.0,0.0,0.0,0.0,0.0,0.04,0.04,0.04,1.0,0.0,0.0,1.0,0,0,0.0184641107917,-0.00152346200775,0.413000017405,,,0
1555597503465338059,465,1555597503465064048,/camera_color_optical_frame,marker,0,7,0,0.0,0.0,0.0,0.0,0.0,0.0,0.0,0.04,0.04,0.04,1.0,0.0,0.0,1.0,0,0,0.0193581953645,-0.00152346200775,0.413000017405,,,0
1555597503487364184,466,1555597503487112998,/camera_color_optical_frame,marker,0,7,0,0.0,0.0,0.0,0.0,0.0,0.0,0.0,0.04,0.04,0.04,1.0,0.0,0.0,1.0,0,0,0.0238863267004,0.000263697642367,0.414000034332,,,0
1555597503525539615,467,1555597503525132894,/camera_color_optical_frame,marker,0,7,0,0.0,0.0,0.0,0.0,0.0,0.0,0.0,0.04,0.04,0.04,1.0,0.0,0.0,1.0,0,0,0.021146370098,-0.0024167234078,0.413000017405,,,0
1555597503553459111,468,1555597503553215980,/camera_color_optical_frame,marker,0,7,0,0.0,0.0,0.0,0.0,0.0,0.0,0.0,0.04,0.04,0.04,1.0,0.0,0.0,1.0,0,0,0.0238863267004,-0.00510884774849,0.414000034332,,,0
1555597503595966089,469,1555597503595664024,/camera_color_optical_frame,marker,0,7,0,0.0,0.0,0.0,0.0,0.0,0.0,0.0,0.04,0.04,0.04,1.0,0.0,0.0,1.0,0,0,0.0248424392194,-0.0051211877726,0.415000021458,,,0
1555597503619719444,470,1555597503619469881,/camera_color_optical_frame,marker,0,7,0,0.0,0.0,0.0,0.0,0.0,0.0,0.0,0.04,0.04,0.04,1.0,0.0,0.0,1.0,0,0,0.0265750810504,-0.00689969630912,0.414000034332,,,0
1555597503654250297,471,1555597503653913974,/camera_color_optical_frame,marker,0,7,0,0.0,0.0,0.0,0.0,0.0,0.0,0.0,0.04,0.04,0.04,1.0,0.0,0.0,1.0,0,0,0.0312063656747,-0.0069330278784,0.416000008583,,,0
1555597503701507170,472,1555597503701210021,/camera_color_optical_frame,marker,0,7,0,0.0,0.0,0.0,0.0,0.0,0.0,0.0,0.04,0.04,0.04,1.0,0.0,0.0,1.0,0,0,0.0329281836748,-0.00781394913793,0.415000021458,,,0
1555597503738416119,473,1555597503738185882,/camera_color_optical_frame,marker,0,7,0,0.0,0.0,0.0,0.0,0.0,0.0,0.0,0.04,0.04,0.04,1.0,0.0,0.0,1.0,0,0,0.033908110112,-0.00873252749443,0.416000008583,,,0
1555597503760905427,474,1555597503760582923,/camera_color_optical_frame,marker,0,7,0,0.0,0.0,0.0,0.0,0.0,0.0,0.0,0.04,0.04,0.04,1.0,0.0,0.0,1.0,0,0,0.033908110112,-0.00963227730244,0.416000008583,,,0
1555597503793325012,475,1555597503793040037,/camera_color_optical_frame,marker,0,7,0,0.0,0.0,0.0,0.0,0.0,0.0,0.0,0.04,0.04,0.04,1.0,0.0,0.0,1.0,0,0,0.033908110112,-0.0105320271105,0.416000008583,,,0
1555597503814908370,476,1555597503814626932,/camera_color_optical_frame,marker,0,7,0,0.0,0.0,0.0,0.0,0.0,0.0,0.0,0.04,0.04,0.04,1.0,0.0,0.0,1.0,0,0,0.0347250178456,-0.00960912276059,0.415000021458,,,0
1555597503853009295,477,1555597503852731943,/camera_color_optical_frame,marker,0,7,0,0.0,0.0,0.0,0.0,0.0,0.0,0.0,0.04,0.04,0.04,1.0,0.0,0.0,1.0,0,0,0.0347250178456,-0.0114042973146,0.415000021458,,,0
1555597503895344057,478,1555597503895009994,/camera_color_optical_frame,marker,0,7,0,0.0,0.0,0.0,0.0,0.0,0.0,0.0,0.04,0.04,0.04,1.0,0.0,0.0,1.0,0,0,0.0337450951338,-0.0104813929647,0.414000034332,,,0
1555597503932223644,479,1555597503931937932,/camera_color_optical_frame,marker,0,7,0,0.0,0.0,0.0,0.0,0.0,0.0,0.0,0.04,0.04,0.04,1.0,0.0,0.0,1.0,0,0,0.0337450951338,-0.0113768177107,0.414000034332,,,0
1555597503956702664,480,1555597503956387996,/camera_color_optical_frame,marker,0,7,0,0.0,0.0,0.0,0.0,0.0,0.0,0.0,0.04,0.04,0.04,1.0,0.0,0.0,1.0,0,0,0.0336635820568,-0.0104560749605,0.413000017405,,,0
1555597503985875485,481,1555597503985634088,/camera_color_optical_frame,marker,0,7,0,0.0,0.0,0.0,0.0,0.0,0.0,0.0,0.04,0.04,0.04,1.0,0.0,0.0,1.0,0,0,0.0346413441002,-0.0113768177107,0.414000034332,,,0
1555597504024404301,482,1555597504023842096,/camera_color_optical_frame,marker,0,7,0,0.0,0.0,0.0,0.0,0.0,0.0,0.0,0.04,0.04,0.04,1.0,0.0,0.0,1.0,0,0,0.0354517512023,-0.0104560749605,0.413000017405,,,0
1555597504069543340,483,1555597504069225072,/camera_color_optical_frame,marker,0,7,0,0.0,0.0,0.0,0.0,0.0,0.0,0.0,0.04,0.04,0.04,1.0,0.0,0.0,1.0,0,0,0.0353659130633,-0.00953966006637,0.412000030279,,,0
1555597504100979269,484,1555597504100642919,/camera_color_optical_frame,marker,0,7,0,0.0,0.0,0.0,0.0,0.0,0.0,0.0,0.04,0.04,0.04,1.0,0.0,0.0,1.0,0,0,0.0352800749242,-0.00951650459319,0.411000013351,,,0
1555597504144179097,485,1555597504136249065,/camera_color_optical_frame,marker,0,7,0,0.0,0.0,0.0,0.0,0.0,0.0,0.0,0.04,0.04,0.04,1.0,0.0,0.0,1.0,0,0,0.0361698307097,-0.00862756930292,0.411000013351,,,0
1555597504169287062,486,1555597504168978929,/camera_color_optical_frame,marker,0,7,0,0.0,0.0,0.0,0.0,0.0,0.0,0.0,0.04,0.04,0.04,1.0,0.0,0.0,1.0,0,0,0.0378570109606,-0.00771980546415,0.410000026226,,,0
1555597504196391132,487,1555597504196151018,/camera_color_optical_frame,marker,0,7,0,0.0,0.0,0.0,0.0,0.0,0.0,0.0,0.04,0.04,0.04,1.0,0.0,0.0,1.0,0,0,0.0394388660789,-0.00856459513307,0.408000022173,,,0
1555597504230034341,488,1555597504229764938,/camera_color_optical_frame,marker,0,7,0,0.0,0.0,0.0,0.0,0.0,0.0,0.0,0.04,0.04,0.04,1.0,0.0,0.0,1.0,0,0,0.0394388660789,-0.00944704096764,0.408000022173,,,0
1555597504250592289,489,1555597504250300884,/camera_color_optical_frame,marker,0,7,0,0.0,0.0,0.0,0.0,0.0,0.0,0.0,0.04,0.04,0.04,1.0,0.0,0.0,1.0,0,0,0.0419854931533,-0.00854360312223,0.407000005245,,,0
1555597504282876994,490,1555597504282588005,/camera_color_optical_frame,marker,0,7,0,0.0,0.0,0.0,0.0,0.0,0.0,0.0,0.04,0.04,0.04,1.0,0.0,0.0,1.0,0,0,0.0445191338658,-0.00588824693114,0.40600001812,,,0
1555597504332380491,491,1555597504332014083,/camera_color_optical_frame,marker,0,7,0,0.0,0.0,0.0,0.0,0.0,0.0,0.0,0.04,0.04,0.04,1.0,0.0,0.0,1.0,0,0,0.0461630187929,-0.00499778613448,0.405000030994,,,0
1555597504355794622,492,1555597504355480909,/camera_color_optical_frame,marker,0,7,0,0.0,0.0,0.0,0.0,0.0,0.0,0.0,0.04,0.04,0.04,1.0,0.0,0.0,1.0,0,0,0.0476799272001,-0.00322983996011,0.403000026941,,,0
1555597504384692313,493,1555597504384426116,/camera_color_optical_frame,marker,0,7,0,0.0,0.0,0.0,0.0,0.0,0.0,0.0,0.04,0.04,0.04,1.0,0.0,0.0,1.0,0,0,0.0493021607399,-0.00148288556375,0.402000010014,,,0
1555597504412513000,494,1555597504412234067,/camera_color_optical_frame,marker,0,7,0,0.0,0.0,0.0,0.0,0.0,0.0,0.0,0.04,0.04,0.04,1.0,0.0,0.0,1.0,0,0,0.0519129782915,0.00025605421979,0.402000010014,,,0
1555597504474846496,495,1555597504474606990,/camera_color_optical_frame,marker,0,7,0,0.0,0.0,0.0,0.0,0.0,0.0,0.0,0.04,0.04,0.04,1.0,0.0,0.0,1.0,0,0,0.0553940720856,0.00460340362042,0.402000010014,,,0
1555597504508932664,496,1555597504508647918,/camera_color_optical_frame,marker,0,7,0,0.0,0.0,0.0,0.0,0.0,0.0,0.0,0.04,0.04,0.04,1.0,0.0,0.0,1.0,0,0,0.0580048933625,0.008081282489,0.402000010014,,,0
1555597504543033759,497,1555597504542773008,/camera_color_optical_frame,marker,0,7,0,0.0,0.0,0.0,0.0,0.0,0.0,0.0,0.04,0.04,0.04,1.0,0.0,0.0,1.0,0,0,0.0597454383969,0.00895075313747,0.402000010014,,,0
1555597504573743187,498,1555597504573352098,/camera_color_optical_frame,marker,0,7,0,0.0,0.0,0.0,0.0,0.0,0.0,0.0,0.04,0.04,0.04,1.0,0.0,0.0,1.0,0,0,0.0617918819189,0.0116166714579,0.404000014067,,,0
1555597504599338857,499,1555597504599042892,/camera_color_optical_frame,marker,0,7,0,0.0,0.0,0.0,0.0,0.0,0.0,0.0,0.04,0.04,0.04,1.0,0.0,0.0,1.0,0,0,0.0633838102221,0.01507444866,0.403000026941,,,0
1555597504628246918,500,1555597504627919912,/camera_color_optical_frame,marker,0,7,0,0.0,0.0,0.0,0.0,0.0,0.0,0.0,0.04,0.04,0.04,1.0,0.0,0.0,1.0,0,0,0.0644156932831,0.0159856490791,0.404000014067,,,0
1555597504652842066,501,1555597504652546882,/camera_color_optical_frame,marker,0,7,0,0.0,0.0,0.0,0.0,0.0,0.0,0.0,0.04,0.04,0.04,1.0,0.0,0.0,1.0,0,0,0.0644156932831,0.0177332405001,0.404000014067,,,0
1555597504685863334,502,1555597504685592889,/camera_color_optical_frame,marker,0,7,0,0.0,0.0,0.0,0.0,0.0,0.0,0.0,0.04,0.04,0.04,1.0,0.0,0.0,1.0,0,0,0.0657751187682,0.022266343236,0.407000005245,,,0
1555597504721796603,503,1555597504721448898,/camera_color_optical_frame,marker,0,7,0,0.0,0.0,0.0,0.0,0.0,0.0,0.0,0.04,0.04,0.04,1.0,0.0,0.0,1.0,0,0,0.0677032619715,0.0258508417755,0.408000022173,,,0
1555597504767169851,504,1555597504766828060,/camera_color_optical_frame,marker,0,7,0,0.0,0.0,0.0,0.0,0.0,0.0,0.0,0.04,0.04,0.04,1.0,0.0,0.0,1.0,0,0,0.0659367367625,0.0223210528493,0.408000022173,,,0
1555597504799736554,505,1555597504799453020,/camera_color_optical_frame,marker,0,7,0,0.0,0.0,0.0,0.0,0.0,0.0,0.0,0.04,0.04,0.04,1.0,0.0,0.0,1.0,0,0,0.0656135156751,0.026602242142,0.40600001812,,,0
1555597504829021318,506,1555597504828721046,/camera_color_optical_frame,marker,0,7,0,0.0,0.0,0.0,0.0,0.0,0.0,0.0,0.04,0.04,0.04,1.0,0.0,0.0,1.0,0,0,0.0673713833094,0.028358483687,0.40600001812,,,0
1555597504854946193,507,1555597504854617118,/camera_color_optical_frame,marker,0,7,0,0.0,0.0,0.0,0.0,0.0,0.0,0.0,0.04,0.04,0.04,1.0,0.0,0.0,1.0,0,0,0.0692995116115,0.0328297503293,0.407000005245,,,0
1555597504884655246,508,1555597504884378910,/camera_color_optical_frame,marker,0,7,0,0.0,0.0,0.0,0.0,0.0,0.0,0.0,0.04,0.04,0.04,1.0,0.0,0.0,1.0,0,0,0.0692995116115,0.0354706048965,0.407000005245,,,0
1555597504934690847,509,1555597504934381961,/camera_color_optical_frame,marker,0,7,0,0.0,0.0,0.0,0.0,0.0,0.0,0.0,0.04,0.04,0.04,1.0,0.0,0.0,1.0,0,0,0.0682503134012,0.0362615771592,0.40600001812,,,0
1555597504961928300,510,1555597504961615085,/camera_color_optical_frame,marker,0,7,0,0.0,0.0,0.0,0.0,0.0,0.0,0.0,0.04,0.04,0.04,1.0,0.0,0.0,1.0,0,0,0.0645751431584,0.03792418167,0.405000030994,,,0
1555597504992964500,511,1555597504992595911,/camera_color_optical_frame,marker,0,7,0,0.0,0.0,0.0,0.0,0.0,0.0,0.0,0.04,0.04,0.04,1.0,0.0,0.0,1.0,0,0,0.0682503134012,0.0406521819532,0.40600001812,,,0
1555597505025305454,512,1555597505024969100,/camera_color_optical_frame,marker,0,7,0,0.0,0.0,0.0,0.0,0.0,0.0,0.0,0.04,0.04,0.04,1.0,0.0,0.0,1.0,0,0,0.0670395046473,0.0456946976483,0.404000014067,,,0
1555597505056326917,513,1555597505055885076,/camera_color_optical_frame,marker,0,7,0,0.0,0.0,0.0,0.0,0.0,0.0,0.0,0.04,0.04,0.04,1.0,0.0,0.0,1.0,0,0,0.0652902945876,0.0491898804903,0.404000014067,,,0
1555597505103337172,514,1555597505102925062,/camera_color_optical_frame,marker,0,7,0,0.0,0.0,0.0,0.0,0.0,0.0,0.0,0.04,0.04,0.04,1.0,0.0,0.0,1.0,0,0,0.0652902945876,0.0553064495325,0.404000014067,,,0
1555597505139974994,515,1555597505139624118,/camera_color_optical_frame,marker,0,7,0,0.0,0.0,0.0,0.0,0.0,0.0,0.0,0.04,0.04,0.04,1.0,0.0,0.0,1.0,0,0,0.0625113770366,0.0586560890079,0.403000026941,,,0
1555597505183248008,516,1555597505182904958,/camera_color_optical_frame,marker,0,7,0,0.0,0.0,0.0,0.0,0.0,0.0,0.0,0.04,0.04,0.04,1.0,0.0,0.0,1.0,0,0,0.0561243854463,0.0592322982848,0.401000022888,,,0
1555597505216607605,517,1555597505216214895,/camera_color_optical_frame,marker,0,7,0,0.0,0.0,0.0,0.0,0.0,0.0,0.0,0.04,0.04,0.04,1.0,0.0,0.0,1.0,0,0,0.0571346208453,0.0619884133339,0.402000010014,,,0
1555597505256684654,518,1555597505256155967,/camera_color_optical_frame,marker,0,7,0,0.0,0.0,0.0,0.0,0.0,0.0,0.0,0.04,0.04,0.04,1.0,0.0,0.0,1.0,0,0,0.0578606054187,0.062701523304,0.401000022888,,,0
1555597505286906288,519,1555597505286547899,/camera_color_optical_frame,marker,0,7,0,0.0,0.0,0.0,0.0,0.0,0.0,0.0,0.04,0.04,0.04,1.0,0.0,0.0,1.0,0,0,0.0499228201807,0.0677360221744,0.40000000596,,,0
1555597505324251971,520,1555597505323751926,/camera_color_optical_frame,marker,0,7,0,0.0,0.0,0.0,0.0,0.0,0.0,0.0,0.04,0.04,0.04,1.0,0.0,0.0,1.0,0,0,0.0543881691992,0.0713745951653,0.401000022888,,,0
1555597505361092883,521,1555597505360677957,/camera_color_optical_frame,marker,0,7,0,0.0,0.0,0.0,0.0,0.0,0.0,0.0,0.04,0.04,0.04,1.0,0.0,0.0,1.0,0,0,0.0519129782915,0.0750304684043,0.402000010014,,,0
1555597505392202440,522,1555597505391552925,/camera_color_optical_frame,marker,0,7,0,0.0,0.0,0.0,0.0,0.0,0.0,0.0,0.04,0.04,0.04,1.0,0.0,0.0,1.0,0,0,0.0465751960874,0.0748438239098,0.401000022888,,,0
1555597505432570709,523,1555597505432025909,/camera_color_optical_frame,marker,0,7,0,0.0,0.0,0.0,0.0,0.0,0.0,0.0,0.04,0.04,0.04,1.0,0.0,0.0,1.0,0,0,0.0412633828819,0.075522325933,0.40000000596,,,0
1555597505473698806,524,1555597505473195075,/camera_color_optical_frame,marker,0,7,0,0.0,0.0,0.0,0.0,0.0,0.0,0.0,0.04,0.04,0.04,1.0,0.0,0.0,1.0,0,0,0.0403974428773,0.075522325933,0.40000000596,,,0
1555597505520324074,525,1555597505519809007,/camera_color_optical_frame,marker,0,7,0,0.0,0.0,0.0,0.0,0.0,0.0,0.0,0.04,0.04,0.04,1.0,0.0,0.0,1.0,0,0,0.0377996116877,0.0798480436206,0.40000000596,,,0
1555597505567922364,526,1555597505567317962,/camera_color_optical_frame,marker,0,7,0,0.0,0.0,0.0,0.0,0.0,0.0,0.0,0.04,0.04,0.04,1.0,0.0,0.0,1.0,0,0,0.0362480655313,0.0793778151274,0.402000010014,,,0
1555597505611531678,527,1555597505610937118,/camera_color_optical_frame,marker,0,7,0,0.0,0.0,0.0,0.0,0.0,0.0,0.0,0.04,0.04,0.04,1.0,0.0,0.0,1.0,0,0,0.0336372442544,0.0793778151274,0.402000010014,,,0
1555597505653547770,528,1555597505653014898,/camera_color_optical_frame,marker,0,7,0,0.0,0.0,0.0,0.0,0.0,0.0,0.0,0.04,0.04,0.04,1.0,0.0,0.0,1.0,0,0,0.033720921725,0.0804469063878,0.403000026941,,,0
1555597505700290108,529,1555597505699610948,/camera_color_optical_frame,marker,0,7,0,0.0,0.0,0.0,0.0,0.0,0.0,0.0,0.04,0.04,0.04,1.0,0.0,0.0,1.0,0,0,0.031976044178,0.0795752704144,0.403000026941,,,0
1555597505740455573,530,1555597505739749908,/camera_color_optical_frame,marker,0,7,0,0.0,0.0,0.0,0.0,0.0,0.0,0.0,0.04,0.04,0.04,1.0,0.0,0.0,1.0,0,0,0.0311036072671,0.0795752704144,0.403000026941,,,0
1555597505799311770,531,1555597505798737049,/camera_color_optical_frame,marker,0,7,0,0.0,0.0,0.0,0.0,0.0,0.0,0.0,0.04,0.04,0.04,1.0,0.0,0.0,1.0,0,0,0.0293587315828,0.0804469063878,0.403000026941,,,0
1555597505850542116,532,1555597505850013017,/camera_color_optical_frame,marker,0,7,0,0.0,0.0,0.0,0.0,0.0,0.0,0.0,0.04,0.04,0.04,1.0,0.0,0.0,1.0,0,0,0.0276823733002,0.0797727257013,0.404000014067,,,0
1555597505894047000,533,1555597505893245935,/camera_color_optical_frame,marker,0,7,0,0.0,0.0,0.0,0.0,0.0,0.0,0.0,0.04,0.04,0.04,1.0,0.0,0.0,1.0,0,0,0.025868980214,0.077832005918,0.403000026941,,,0
1555597505952397857,534,1555597505950272083,/camera_color_optical_frame,marker,0,7,0,0.0,0.0,0.0,0.0,0.0,0.0,0.0,0.04,0.04,0.04,1.0,0.0,0.0,1.0,0,0,0.0233093611896,0.0788989290595,0.404000014067,,,0
1555597506002806928,535,1555597506002077102,/camera_color_optical_frame,marker,0,7,0,0.0,0.0,0.0,0.0,0.0,0.0,0.0,0.04,0.04,0.04,1.0,0.0,0.0,1.0,0,0,0.011909971945,0.0743454769254,0.403000026941,,,0
1555597506046889881,536,1555597506046370029,/camera_color_optical_frame,marker,0,7,0,0.0,0.0,0.0,0.0,0.0,0.0,0.0,0.04,0.04,0.04,1.0,0.0,0.0,1.0,0,0,0.00578850554302,0.0750304684043,0.402000010014,,,0
1555597506101157682,537,1555597506100518941,/camera_color_optical_frame,marker,0,7,0,0.0,0.0,0.0,0.0,0.0,0.0,0.0,0.04,0.04,0.04,1.0,0.0,0.0,1.0,0,0,0.00318559142761,0.0717305764556,0.403000026941,,,0
1555597506168794500,538,1555597506167951107,/camera_color_optical_frame,marker,0,7,0,0.0,0.0,0.0,0.0,0.0,0.0,0.0,0.04,0.04,0.04,1.0,0.0,0.0,1.0,0,0,-0.00466635078192,0.0630142465234,0.403000026941,,,0
1555597506233860998,539,1555597506233273029,/camera_color_optical_frame,marker,0,7,0,0.0,0.0,0.0,0.0,0.0,0.0,0.0,0.04,0.04,0.04,1.0,0.0,0.0,1.0,0,0,-0.00992554612458,0.056180242449,0.404000014067,,,0
1555597506276270141,540,1555597506275679111,/camera_color_optical_frame,marker,0,7,0,0.0,0.0,0.0,0.0,0.0,0.0,0.0,0.04,0.04,0.04,1.0,0.0,0.0,1.0,0,0,-0.0125804180279,0.0493116416037,0.405000030994,,,0
1555597506321545373,541,1555597506321014881,/camera_color_optical_frame,marker,0,7,0,0.0,0.0,0.0,0.0,0.0,0.0,0.0,0.04,0.04,0.04,1.0,0.0,0.0,1.0,0,0,-0.0143693452701,0.0467990338802,0.40600001812,,,0
1555597506385516434,542,1555597506384773969,/camera_color_optical_frame,marker,0,7,0,0.0,0.0,0.0,0.0,0.0,0.0,0.0,0.04,0.04,0.04,1.0,0.0,0.0,1.0,0,0,-0.0161272119731,0.0441646687686,0.40600001812,,,0
1555597506443284530,543,1555597506442646026,/camera_color_optical_frame,marker,0,7,0,0.0,0.0,0.0,0.0,0.0,0.0,0.0,0.04,0.04,0.04,1.0,0.0,0.0,1.0,0,0,-0.0163258221,0.0349302776158,0.411000013351,,,0
1555597506494214051,544,1555597506493591070,/camera_color_optical_frame,marker,0,7,0,0.0,0.0,0.0,0.0,0.0,0.0,0.0,0.04,0.04,0.04,1.0,0.0,0.0,1.0,0,0,-0.0172155778855,0.0313745327294,0.411000013351,,,0
1555597506544980044,545,1555597506543581962,/camera_color_optical_frame,marker,0,7,0,0.0,0.0,0.0,0.0,0.0,0.0,0.0,0.04,0.04,0.04,1.0,0.0,0.0,1.0,0,0,-0.0181493870914,0.0287775751203,0.412000030279,,,0
1555597506605282094,546,1555597506604620933,/camera_color_optical_frame,marker,0,7,0,0.0,0.0,0.0,0.0,0.0,0.0,0.0,0.04,0.04,0.04,1.0,0.0,0.0,1.0,0,0,-0.0208251513541,0.0207576900721,0.412000030279,,,0
1555597506654635317,547,1555597506654122114,/camera_color_optical_frame,marker,0,7,0,0.0,0.0,0.0,0.0,0.0,0.0,0.0,0.04,0.04,0.04,1.0,0.0,0.0,1.0,0,0,-0.0199816133827,0.013661980629,0.413000017405,,,0
1555597506698300082,548,1555597506697402000,/camera_color_optical_frame,marker,0,7,0,0.0,0.0,0.0,0.0,0.0,0.0,0.0,0.04,0.04,0.04,1.0,0.0,0.0,1.0,0,0,-0.0200299955904,0.0101133640856,0.414000034332,,,0
1555597506754858134,549,1555597506754165887,/camera_color_optical_frame,marker,0,7,0,0.0,0.0,0.0,0.0,0.0,0.0,0.0,0.04,0.04,0.04,1.0,0.0,0.0,1.0,0,0,-0.0200299955904,0.00653166742995,0.414000034332,,,0
1555597506817934356,550,1555597506817305088,/camera_color_optical_frame,marker,0,7,0,0.0,0.0,0.0,0.0,0.0,0.0,0.0,0.04,0.04,0.04,1.0,0.0,0.0,1.0,0,0,-0.017383126542,0.00295709585771,0.415000021458,,,0
1555597506876155820,551,1555597506875200033,/camera_color_optical_frame,marker,0,7,0,0.0,0.0,0.0,0.0,0.0,0.0,0.0,0.04,0.04,0.04,1.0,0.0,0.0,1.0,0,0,-0.0200783759356,-0.00691636186093,0.415000021458,,,0
1555597506925019726,552,1555597506924439907,/camera_color_optical_frame,marker,0,7,0,0.0,0.0,0.0,0.0,0.0,0.0,0.0,0.04,0.04,0.04,1.0,0.0,0.0,1.0,0,0,-0.0147586623207,-0.012361170724,0.417000025511,,,0
1555597506975368880,553,1555597506974608898,/camera_color_optical_frame,marker,0,7,0,0.0,0.0,0.0,0.0,0.0,0.0,0.0,0.04,0.04,0.04,1.0,0.0,0.0,1.0,0,0,-0.0138891432434,-0.0178152676672,0.418000012636,,,0
1555597507028105587,554,1555597507027255058,/camera_color_optical_frame,marker,0,7,0,0.0,0.0,0.0,0.0,0.0,0.0,0.0,0.04,0.04,0.04,1.0,0.0,0.0,1.0,0,0,-0.0121082207188,-0.0251077972353,0.419000029564,,,0
1555597507078367452,555,1555597507076951026,/camera_color_optical_frame,marker,0,7,0,0.0,0.0,0.0,0.0,0.0,0.0,0.0,0.04,0.04,0.04,1.0,0.0,0.0,1.0,0,0,-0.0103186378255,-0.0260761193931,0.420000016689,,,0
1555597507148953281,556,1555597507148188114,/camera_color_optical_frame,marker,0,7,0,0.0,0.0,0.0,0.0,0.0,0.0,0.0,0.04,0.04,0.04,1.0,0.0,0.0,1.0,0,0,-0.010294069536,-0.0278265122324,0.419000029564,,,0
1555597507215249612,557,1555597507214550971,/camera_color_optical_frame,marker,0,7,0,0.0,0.0,0.0,0.0,0.0,0.0,0.0,0.04,0.04,0.04,1.0,0.0,0.0,1.0,0,0,-0.0102695012465,-0.0322804786265,0.418000012636,,,0
1555597507278839295,558,1555597507277861118,/camera_color_optical_frame,marker,0,7,0,0.0,0.0,0.0,0.0,0.0,0.0,0.0,0.04,0.04,0.04,1.0,0.0,0.0,1.0,0,0,-0.00757284183055,-0.0359826609492,0.419000029564,,,0
1555597507326554984,559,1555597507326004981,/camera_color_optical_frame,marker,0,7,0,0.0,0.0,0.0,0.0,0.0,0.0,0.0,0.04,0.04,0.04,1.0,0.0,0.0,1.0,0,0,-0.00304471282288,-0.0433357469738,0.420000016689,,,0
1555597507393333892,560,1555597507392544984,/camera_color_optical_frame,marker,0,7,0,0.0,0.0,0.0,0.0,0.0,0.0,0.0,0.04,0.04,0.04,1.0,0.0,0.0,1.0,0,0,-0.00393512519076,-0.044033460319,0.418000012636,,,0
1555597507450858704,561,1555597507450210094,/camera_color_optical_frame,marker,0,7,0,0.0,0.0,0.0,0.0,0.0,0.0,0.0,0.04,0.04,0.04,1.0,0.0,0.0,1.0,0,0,-0.00392571091652,-0.0457319431007,0.417000025511,,,0
1555597507510517946,562,1555597507509882926,/camera_color_optical_frame,marker,0,7,0,0.0,0.0,0.0,0.0,0.0,0.0,0.0,0.04,0.04,0.04,1.0,0.0,0.0,1.0,0,0,-0.00392571091652,-0.0466338582337,0.417000025511,,,0
1555597507563649894,563,1555597507562946081,/camera_color_optical_frame,marker,0,7,0,0.0,0.0,0.0,0.0,0.0,0.0,0.0,0.04,0.04,0.04,1.0,0.0,0.0,1.0,0,0,-0.00302296481095,-0.0475357696414,0.417000025511,,,0
1555597507615673051,564,1555597507614054918,/camera_color_optical_frame,marker,0,7,0,0.0,0.0,0.0,0.0,0.0,0.0,0.0,0.04,0.04,0.04,1.0,0.0,0.0,1.0,0,0,-0.00211513438262,-0.047421772033,0.416000008583,,,0
1555597507677875957,565,1555597507677234888,/camera_color_optical_frame,marker,0,7,0,0.0,0.0,0.0,0.0,0.0,0.0,0.0,0.04,0.04,0.04,1.0,0.0,0.0,1.0,0,0,-0.00121747283265,-0.0502415075898,0.417000025511,,,0
1555597507728292339,566,1555597507727297067,/camera_color_optical_frame,marker,0,7,0,0.0,0.0,0.0,0.0,0.0,0.0,0.0,0.04,0.04,0.04,1.0,0.0,0.0,1.0,0,0,0.000588019145653,-0.0520453341305,0.417000025511,,,0
1555597507783388134,567,1555597507782665014,/camera_color_optical_frame,marker,0,7,0,0.0,0.0,0.0,0.0,0.0,0.0,0.0,0.04,0.04,0.04,1.0,0.0,0.0,1.0,0,0,0.00149434001651,-0.05126606673,0.418000012636,,,0
1555597507832465743,568,1555597507829265117,/camera_color_optical_frame,marker,0,7,0,0.0,0.0,0.0,0.0,0.0,0.0,0.0,0.04,0.04,0.04,1.0,0.0,0.0,1.0,0,0,0.0123532703146,-0.0485538393259,0.418000012636,,,0
1555597507891498634,569,1555597507890824079,/camera_color_optical_frame,marker,0,7,0,0.0,0.0,0.0,0.0,0.0,0.0,0.0,0.04,0.04,0.04,1.0,0.0,0.0,1.0,0,0,0.0123828239739,-0.0495762377977,0.419000029564,,,0
1555597507939962480,570,1555597507939240932,/camera_color_optical_frame,marker,0,7,0,0.0,0.0,0.0,0.0,0.0,0.0,0.0,0.04,0.04,0.04,1.0,0.0,0.0,1.0,0,0,0.0141630917788,-0.0494579151273,0.418000012636,,,0
1555597508007804591,571,1555597508007258892,/camera_color_optical_frame,marker,0,7,0,0.0,0.0,0.0,0.0,0.0,0.0,0.0,0.04,0.04,0.04,1.0,0.0,0.0,1.0,0,0,0.0132898995653,-0.0504824742675,0.419000029564,,,0
1555597508071588021,572,1555597508070779085,/camera_color_optical_frame,marker,0,7,0,0.0,0.0,0.0,0.0,0.0,0.0,0.0,0.04,0.04,0.04,1.0,0.0,0.0,1.0,0,0,0.0141969751567,-0.0513887144625,0.419000029564,,,0
1555597508132384386,573,1555597508131468057,/camera_color_optical_frame,marker,0,7,0,0.0,0.0,0.0,0.0,0.0,0.0,0.0,0.04,0.04,0.04,1.0,0.0,0.0,1.0,0,0,0.0141630917788,-0.0503619909286,0.418000012636,,,0
1555597508196509020,574,1555597508195264101,/camera_color_optical_frame,marker,0,7,0,0.0,0.0,0.0,0.0,0.0,0.0,0.0,0.04,0.04,0.04,1.0,0.0,0.0,1.0,0,0,0.0141969751567,-0.0495762377977,0.419000029564,,,0
1555597508249009533,575,1555597508248425960,/camera_color_optical_frame,marker,0,7,0,0.0,0.0,0.0,0.0,0.0,0.0,0.0,0.04,0.04,0.04,1.0,0.0,0.0,1.0,0,0,0.0141630917788,-0.0503619909286,0.418000012636,,,0
1555597508296758335,576,1555597508295495033,/camera_color_optical_frame,marker,0,7,0,0.0,0.0,0.0,0.0,0.0,0.0,0.0,0.04,0.04,0.04,1.0,0.0,0.0,1.0,0,0,0.0150680029765,-0.0503619909286,0.418000012636,,,0
1555597508349940166,577,1555597508349320888,/camera_color_optical_frame,marker,0,7,0,0.0,0.0,0.0,0.0,0.0,0.0,0.0,0.04,0.04,0.04,1.0,0.0,0.0,1.0,0,0,0.0159729123116,-0.05126606673,0.418000012636,,,0
1555597508396322859,578,1555597508395585060,/camera_color_optical_frame,marker,0,7,0,0.0,0.0,0.0,0.0,0.0,0.0,0.0,0.04,0.04,0.04,1.0,0.0,0.0,1.0,0,0,0.0159729123116,-0.0494579151273,0.418000012636,,,0
1555597508444730304,579,1555597508444068908,/camera_color_optical_frame,marker,0,7,0,0.0,0.0,0.0,0.0,0.0,0.0,0.0,0.04,0.04,0.04,1.0,0.0,0.0,1.0,0,0,0.0159347001463,-0.0475357696414,0.417000025511,,,0
1555597508505316167,580,1555597508504544019,/camera_color_optical_frame,marker,0,7,0,0.0,0.0,0.0,0.0,0.0,0.0,0.0,0.04,0.04,0.04,1.0,0.0,0.0,1.0,0,0,0.0168374478817,-0.0457319431007,0.417000025511,,,0
1555597508554316861,581,1555597508553818941,/camera_color_optical_frame,marker,0,7,0,0.0,0.0,0.0,0.0,0.0,0.0,0.0,0.04,0.04,0.04,1.0,0.0,0.0,1.0,0,0,0.0194988120347,-0.0447225235403,0.416000008583,,,0
1555597508629525547,582,1555597508628905057,/camera_color_optical_frame,marker,0,7,0,0.0,0.0,0.0,0.0,0.0,0.0,0.0,0.04,0.04,0.04,1.0,0.0,0.0,1.0,0,0,0.0194988120347,-0.0429230220616,0.416000008583,,,0
1555597508698976364,583,1555597508698386907,/camera_color_optical_frame,marker,0,7,0,0.0,0.0,0.0,0.0,0.0,0.0,0.0,0.04,0.04,0.04,1.0,0.0,0.0,1.0,0,0,0.0222005546093,-0.0411235243082,0.416000008583,,,0
1555597508776260933,584,1555597508775013923,/camera_color_optical_frame,marker,0,7,0,0.0,0.0,0.0,0.0,0.0,0.0,0.0,0.04,0.04,0.04,1.0,0.0,0.0,1.0,0,0,0.0149598596618,-0.0419222563505,0.415000021458,,,0
1555597508841841420,585,1555597508840400934,/camera_color_optical_frame,marker,0,7,0,0.0,0.0,0.0,0.0,0.0,0.0,0.0,0.04,0.04,0.04,1.0,0.0,0.0,1.0,0,0,0.0294052045792,-0.0384242720902,0.416000008583,,,0
1555597508898271124,586,1555597508897042036,/camera_color_optical_frame,marker,0,7,0,0.0,0.0,0.0,0.0,0.0,0.0,0.0,0.04,0.04,0.04,1.0,0.0,0.0,1.0,0,0,0.0312813818455,-0.0376147292554,0.417000025511,,,0
1555597508964143103,587,1555597508963452100,/camera_color_optical_frame,marker,0,7,0,0.0,0.0,0.0,0.0,0.0,0.0,0.0,0.04,0.04,0.04,1.0,0.0,0.0,1.0,0,0,0.0321841277182,-0.034007076174,0.417000025511,,,0
1555597509041538650,588,1555597509040910005,/camera_color_optical_frame,marker,0,7,0,0.0,0.0,0.0,0.0,0.0,0.0,0.0,0.04,0.04,0.04,1.0,0.0,0.0,1.0,0,0,0.0330075286329,-0.0267275255173,0.416000008583,,,0
1555597509092145982,589,1555597509091000080,/camera_color_optical_frame,marker,0,7,0,0.0,0.0,0.0,0.0,0.0,0.0,0.0,0.04,0.04,0.04,1.0,0.0,0.0,1.0,0,0,0.0329281836748,-0.0221753437072,0.415000021458,,,0
1555597509168529743,590,1555597509167862892,/camera_color_optical_frame,marker,0,7,0,0.0,0.0,0.0,0.0,0.0,0.0,0.0,0.04,0.04,0.04,1.0,0.0,0.0,1.0,0,0,0.0337450951338,-0.0158539395779,0.414000034332,,,0
1555597509236478456,591,1555597509235171079,/camera_color_optical_frame,marker,0,7,0,0.0,0.0,0.0,0.0,0.0,0.0,0.0,0.04,0.04,0.04,1.0,0.0,0.0,1.0,0,0,0.0353659130633,-0.0104307578877,0.412000030279,,,0
1555597509289910893,592,1555597509288739919,/camera_color_optical_frame,marker,0,7,0,0.0,0.0,0.0,0.0,0.0,0.0,0.0,0.04,0.04,0.04,1.0,0.0,0.0,1.0,0,0,0.0380416810513,-0.00686636427417,0.412000030279,,,0
1555597509344412826,593,1555597509343696117,/camera_color_optical_frame,marker,0,7,0,0.0,0.0,0.0,0.0,0.0,0.0,0.0,0.04,0.04,0.04,1.0,0.0,0.0,1.0,0,0,0.0390281006694,0.00115632207599,0.413000017405,,,0
1555597509392225727,594,1555597509391499996,/camera_color_optical_frame,marker,0,7,0,0.0,0.0,0.0,0.0,0.0,0.0,0.0,0.04,0.04,0.04,1.0,0.0,0.0,1.0,0,0,0.0407174453139,0.00739121204242,0.412000030279,,,0
1555597509463025390,595,1555597509461824893,/camera_color_optical_frame,marker,0,7,0,0.0,0.0,0.0,0.0,0.0,0.0,0.0,0.04,0.04,0.04,1.0,0.0,0.0,1.0,0,0,0.0406186170876,0.00826220680028,0.411000013351,,,0
1555597509520437661,596,1555597509519731998,/camera_color_optical_frame,marker,0,7,0,0.0,0.0,0.0,0.0,0.0,0.0,0.0,0.04,0.04,0.04,1.0,0.0,0.0,1.0,0,0,0.0403221324086,0.0108492411673,0.408000022173,,,0
1555597509578652396,597,1555597509578115940,/camera_color_optical_frame,marker,0,7,0,0.0,0.0,0.0,0.0,0.0,0.0,0.0,0.04,0.04,0.04,1.0,0.0,0.0,1.0,0,0,0.0425012893975,0.0145200006664,0.412000030279,,,0
1555597509625834887,598,1555597509625055074,/camera_color_optical_frame,marker,0,7,0,0.0,0.0,0.0,0.0,0.0,0.0,0.0,0.04,0.04,0.04,1.0,0.0,0.0,1.0,0,0,0.0441776439548,0.0180404987186,0.411000013351,,,0
1555597509680364747,599,1555597509679799079,/camera_color_optical_frame,marker,0,7,0,0.0,0.0,0.0,0.0,0.0,0.0,0.0,0.04,0.04,0.04,1.0,0.0,0.0,1.0,0,0,0.0411043986678,0.0240269117057,0.407000005245,,,0
1555597509751359052,600,1555597509750746011,/camera_color_optical_frame,marker,0,7,0,0.0,0.0,0.0,0.0,0.0,0.0,0.0,0.04,0.04,0.04,1.0,0.0,0.0,1.0,0,0,0.0412053912878,0.0293806307018,0.408000022173,,,0
1555597509803485370,601,1555597509802568912,/camera_color_optical_frame,marker,0,7,0,0.0,0.0,0.0,0.0,0.0,0.0,0.0,0.04,0.04,0.04,1.0,0.0,0.0,1.0,0,0,0.0429719164968,0.0346753112972,0.408000022173,,,0
1555597509858265822,602,1555597509857569932,/camera_color_optical_frame,marker,0,7,0,0.0,0.0,0.0,0.0,0.0,0.0,0.0,0.04,0.04,0.04,1.0,0.0,0.0,1.0,0,0,0.0447384417057,0.039087548852,0.408000022173,,,0
1555597509914469568,603,1555597509913918972,/camera_color_optical_frame,marker,0,7,0,0.0,0.0,0.0,0.0,0.0,0.0,0.0,0.04,0.04,0.04,1.0,0.0,0.0,1.0,0,0,0.0446287840605,0.0407523103058,0.407000005245,,,0
1555597509956819728,604,1555597509956238031,/camera_color_optical_frame,marker,0,7,0,0.0,0.0,0.0,0.0,0.0,0.0,0.0,0.04,0.04,0.04,1.0,0.0,0.0,1.0,0,0,0.043640203774,0.0432865470648,0.40600001812,,,0
1555597510026095097,605,1555597510025490045,/camera_color_optical_frame,marker,0,7,0,0.0,0.0,0.0,0.0,0.0,0.0,0.0,0.04,0.04,0.04,1.0,0.0,0.0,1.0,0,0,0.0445191338658,0.0450427904725,0.40600001812,,,0
1555597510083847574,606,1555597510082864046,/camera_color_optical_frame,marker,0,7,0,0.0,0.0,0.0,0.0,0.0,0.0,0.0,0.04,0.04,0.04,1.0,0.0,0.0,1.0,0,0,0.0444094836712,0.0493116416037,0.405000030994,,,0
1555597510141595097,607,1555597510140620946,/camera_color_optical_frame,marker,0,7,0,0.0,0.0,0.0,0.0,0.0,0.0,0.0,0.04,0.04,0.04,1.0,0.0,0.0,1.0,0,0,0.0445191338658,0.0511896386743,0.40600001812,,,0
1555597510200366870,608,1555597510199709892,/camera_color_optical_frame,marker,0,7,0,0.0,0.0,0.0,0.0,0.0,0.0,0.0,0.04,0.04,0.04,1.0,0.0,0.0,1.0,0,0,0.0400256477296,0.0545673891902,0.405000030994,,,0
1555597510251388200,609,1555597510250652074,/camera_color_optical_frame,marker,0,7,0,0.0,0.0,0.0,0.0,0.0,0.0,0.0,0.04,0.04,0.04,1.0,0.0,0.0,1.0,0,0,0.039926815778,0.056180242449,0.404000014067,,,0
1555597510309999200,610,1555597510309415102,/camera_color_optical_frame,marker,0,7,0,0.0,0.0,0.0,0.0,0.0,0.0,0.0,0.04,0.04,0.04,1.0,0.0,0.0,1.0,0,0,0.0390522107482,0.0570540390909,0.404000014067,,,0
1555597510358553835,611,1555597510358023881,/camera_color_optical_frame,marker,0,7,0,0.0,0.0,0.0,0.0,0.0,0.0,0.0,0.04,0.04,0.04,1.0,0.0,0.0,1.0,0,0,0.0373030044138,0.0588016360998,0.404000014067,,,0
1555597510413546311,612,1555597510412851095,/camera_color_optical_frame,marker,0,7,0,0.0,0.0,0.0,0.0,0.0,0.0,0.0,0.04,0.04,0.04,1.0,0.0,0.0,1.0,0,0,0.0364284031093,0.0596754290164,0.404000014067,,,0
1555597510457357626,613,1555597510456806898,/camera_color_optical_frame,marker,0,7,0,0.0,0.0,0.0,0.0,0.0,0.0,0.0,0.04,0.04,0.04,1.0,0.0,0.0,1.0,0,0,0.034679196775,0.0614230185747,0.404000014067,,,0
1555597510518465009,614,1555597510517466068,/camera_color_optical_frame,marker,0,7,0,0.0,0.0,0.0,0.0,0.0,0.0,0.0,0.04,0.04,0.04,1.0,0.0,0.0,1.0,0,0,0.0329299941659,0.0631706118584,0.404000014067,,,0
1555597510574574507,615,1555597510574057102,/camera_color_optical_frame,marker,0,7,0,0.0,0.0,0.0,0.0,0.0,0.0,0.0,0.04,0.04,0.04,1.0,0.0,0.0,1.0,0,0,0.0249965395778,0.0621426180005,0.403000026941,,,0
1555597510618503882,616,1555597510618015050,/camera_color_optical_frame,marker,0,7,0,0.0,0.0,0.0,0.0,0.0,0.0,0.0,0.04,0.04,0.04,1.0,0.0,0.0,1.0,0,0,0.02855697833,0.0640444085002,0.404000014067,,,0
1555597510685773950,617,1555597510685230016,/camera_color_optical_frame,marker,0,7,0,0.0,0.0,0.0,0.0,0.0,0.0,0.0,0.04,0.04,0.04,1.0,0.0,0.0,1.0,0,0,0.0276823733002,0.0657919943333,0.404000014067,,,0
1555597510736061013,618,1555597510735361099,/camera_color_optical_frame,marker,0,7,0,0.0,0.0,0.0,0.0,0.0,0.0,0.0,0.04,0.04,0.04,1.0,0.0,0.0,1.0,0,0,0.0241839643568,0.0675395876169,0.404000014067,,,0
1555597510782212810,619,1555597510781276941,/camera_color_optical_frame,marker,0,7,0,0.0,0.0,0.0,0.0,0.0,0.0,0.0,0.04,0.04,0.04,1.0,0.0,0.0,1.0,0,0,0.0215601548553,0.0684133842587,0.404000014067,,,0
1555597510838884228,620,1555597510837735891,/camera_color_optical_frame,marker,0,7,0,0.0,0.0,0.0,0.0,0.0,0.0,0.0,0.04,0.04,0.04,1.0,0.0,0.0,1.0,0,0,0.0110375331715,0.0673724189401,0.403000026941,,,0
1555597510884545209,621,1555597510884031057,/camera_color_optical_frame,marker,0,7,0,0.0,0.0,0.0,0.0,0.0,0.0,0.0,0.04,0.04,0.04,1.0,0.0,0.0,1.0,0,0,0.00580290518701,0.0682440474629,0.403000026941,,,0
1555597510934534717,622,1555597510933876991,/camera_color_optical_frame,marker,0,7,0,0.0,0.0,0.0,0.0,0.0,0.0,0.0,0.04,0.04,0.04,1.0,0.0,0.0,1.0,0,0,0.00143714039586,0.0680747032166,0.402000010014,,,0
1555597510989770651,623,1555597510988843917,/camera_color_optical_frame,marker,0,7,0,0.0,0.0,0.0,0.0,0.0,0.0,0.0,0.04,0.04,0.04,1.0,0.0,0.0,1.0,0,0,0.00581730436534,0.0692871809006,0.404000014067,,,0
1555597511049565541,624,1555597511048985004,/camera_color_optical_frame,marker,0,7,0,0.0,0.0,0.0,0.0,0.0,0.0,0.0,0.04,0.04,0.04,1.0,0.0,0.0,1.0,0,0,0.00494270166382,0.0710347741842,0.404000014067,,,0
1555597511102232108,625,1555597511100224971,/camera_color_optical_frame,marker,0,7,0,0.0,0.0,0.0,0.0,0.0,0.0,0.0,0.04,0.04,0.04,1.0,0.0,0.0,1.0,0,0,-0.00467792944983,0.0675395876169,0.404000014067,,,0
1555597511162195987,626,1555597511161385059,/camera_color_optical_frame,marker,0,7,0,0.0,0.0,0.0,0.0,0.0,0.0,0.0,0.04,0.04,0.04,1.0,0.0,0.0,1.0,0,0,-0.00642713531852,0.0675395876169,0.404000014067,,,0
1555597511223670455,627,1555597511222954988,/camera_color_optical_frame,marker,0,7,0,0.0,0.0,0.0,0.0,0.0,0.0,0.0,0.04,0.04,0.04,1.0,0.0,0.0,1.0,0,0,-0.0152107216418,0.0720865577459,0.405000030994,,,0
1555597511296524795,628,1555597511295749902,/camera_color_optical_frame,marker,0,7,0,0.0,0.0,0.0,0.0,0.0,0.0,0.0,0.04,0.04,0.04,1.0,0.0,0.0,1.0,0,0,-0.0212426725775,0.0699873119593,0.403000026941,,,0
1555597511354940657,629,1555597511354317903,/camera_color_optical_frame,marker,0,7,0,0.0,0.0,0.0,0.0,0.0,0.0,0.0,0.04,0.04,0.04,1.0,0.0,0.0,1.0,0,0,-0.0248551666737,0.0668308138847,0.405000030994,,,0
1555597511415773372,630,1555597511415148973,/camera_color_optical_frame,marker,0,7,0,0.0,0.0,0.0,0.0,0.0,0.0,0.0,0.04,0.04,0.04,1.0,0.0,0.0,1.0,0,0,-0.0318693071604,0.0615750588477,0.405000030994,,,0
1555597511472292654,631,1555597511471646070,/camera_color_optical_frame,marker,0,7,0,0.0,0.0,0.0,0.0,0.0,0.0,0.0,0.04,0.04,0.04,1.0,0.0,0.0,1.0,0,0,-0.0337058603764,0.0547021217644,0.40600001812,,,0
1555597511520145463,632,1555597511519483089,/camera_color_optical_frame,marker,0,7,0,0.0,0.0,0.0,0.0,0.0,0.0,0.0,0.04,0.04,0.04,1.0,0.0,0.0,1.0,0,0,-0.0356384217739,0.0523242540658,0.408000022173,,,0
1555597511579681952,633,1555597511579125881,/camera_color_optical_frame,marker,0,7,0,0.0,0.0,0.0,0.0,0.0,0.0,0.0,0.04,0.04,0.04,1.0,0.0,0.0,1.0,0,0,-0.0476511269808,0.0528154745698,0.405000030994,,,0
1555597511630044227,634,1555597511629146099,/camera_color_optical_frame,marker,0,7,0,0.0,0.0,0.0,0.0,0.0,0.0,0.0,0.04,0.04,0.04,1.0,0.0,0.0,1.0,0,0,-0.0392674803734,0.0436063967645,0.409000009298,,,0
1555597511676282526,635,1555597511675674915,/camera_color_optical_frame,marker,0,7,0,0.0,0.0,0.0,0.0,0.0,0.0,0.0,0.04,0.04,0.04,1.0,0.0,0.0,1.0,0,0,-0.0395555086434,0.0412529557943,0.412000030279,,,0
1555597511726756975,636,1555597511726139068,/camera_color_optical_frame,marker,0,7,0,0.0,0.0,0.0,0.0,0.0,0.0,0.0,0.04,0.04,0.04,1.0,0.0,0.0,1.0,0,0,-0.0395555086434,0.0385796613991,0.412000030279,,,0
1555597511777031710,637,1555597511775458097,/camera_color_optical_frame,marker,0,7,0,0.0,0.0,0.0,0.0,0.0,0.0,0.0,0.04,0.04,0.04,1.0,0.0,0.0,1.0,0,0,-0.0379550233483,0.0360806658864,0.414000034332,,,0
1555597511819372513,638,1555597511818682909,/camera_color_optical_frame,marker,0,7,0,0.0,0.0,0.0,0.0,0.0,0.0,0.0,0.04,0.04,0.04,1.0,0.0,0.0,1.0,0,0,-0.0388512760401,0.0298126991838,0.414000034332,,,0
1555597511884275368,639,1555597511883560895,/camera_color_optical_frame,marker,0,7,0,0.0,0.0,0.0,0.0,0.0,0.0,0.0,0.04,0.04,0.04,1.0,0.0,0.0,1.0,0,0,-0.0388512760401,0.0298126991838,0.414000034332,,,0
1555597511944048108,640,1555597511943212032,/camera_color_optical_frame,marker,0,7,0,0.0,0.0,0.0,0.0,0.0,0.0,0.0,0.04,0.04,0.04,1.0,0.0,0.0,1.0,0,0,-0.0390389598906,0.0245582200587,0.416000008583,,,0
1555597512004989891,641,1555597512003926038,/camera_color_optical_frame,marker,0,7,0,0.0,0.0,0.0,0.0,0.0,0.0,0.0,0.04,0.04,0.04,1.0,0.0,0.0,1.0,0,0,-0.0381383784115,0.0164604689926,0.416000008583,,,0
1555597512055679320,642,1555597512054848909,/camera_color_optical_frame,marker,0,7,0,0.0,0.0,0.0,0.0,0.0,0.0,0.0,0.04,0.04,0.04,1.0,0.0,0.0,1.0,0,0,-0.0381383784115,0.0137612195686,0.416000008583,,,0
1555597512108019219,643,1555597512107021093,/camera_color_optical_frame,marker,0,7,0,0.0,0.0,0.0,0.0,0.0,0.0,0.0,0.04,0.04,0.04,1.0,0.0,0.0,1.0,0,0,-0.0383217372,0.0120192291215,0.418000012636,,,0
1555597512169692263,644,1555597512169007062,/camera_color_optical_frame,marker,0,7,0,0.0,0.0,0.0,0.0,0.0,0.0,0.0,0.04,0.04,0.04,1.0,0.0,0.0,1.0,0,0,-0.0374168269336,0.0074988505803,0.418000012636,,,0
1555597512218678986,645,1555597512218091011,/camera_color_optical_frame,marker,0,7,0,0.0,0.0,0.0,0.0,0.0,0.0,0.0,0.04,0.04,0.04,1.0,0.0,0.0,1.0,0,0,-0.0357773713768,-0.00518288882449,0.420000016689,,,0
1555597512262577459,646,1555597512261782884,/camera_color_optical_frame,marker,0,7,0,0.0,0.0,0.0,0.0,0.0,0.0,0.0,0.04,0.04,0.04,1.0,0.0,0.0,1.0,0,0,-0.0347851142287,-0.00698302593082,0.419000029564,,,0
1555597512304676817,647,1555597512304056882,/camera_color_optical_frame,marker,0,7,0,0.0,0.0,0.0,0.0,0.0,0.0,0.0,0.04,0.04,0.04,1.0,0.0,0.0,1.0,0,0,-0.0329709611833,-0.00879550352693,0.419000029564,,,0
1555597512358441062,648,1555597512356993913,/camera_color_optical_frame,marker,0,7,0,0.0,0.0,0.0,0.0,0.0,0.0,0.0,0.04,0.04,0.04,1.0,0.0,0.0,1.0,0,0,-0.0321404114366,-0.00881649460644,0.420000016689,,,0
1555597512411957219,649,1555597512411425113,/camera_color_optical_frame,marker,0,7,0,0.0,0.0,0.0,0.0,0.0,0.0,0.0,0.04,0.04,0.04,1.0,0.0,0.0,1.0,0,0,-0.0330496504903,-0.0179005078971,0.420000016689,,,0
1555597512469596387,650,1555597512465558052,/camera_color_optical_frame,marker,0,7,0,0.0,0.0,0.0,0.0,0.0,0.0,0.0,0.04,0.04,0.04,1.0,0.0,0.0,1.0,0,0,-0.0266214311123,-0.0251077972353,0.419000029564,,,0
1555597512525657934,651,1555597512524910926,/camera_color_optical_frame,marker,0,7,0,0.0,0.0,0.0,0.0,0.0,0.0,0.0,0.04,0.04,0.04,1.0,0.0,0.0,1.0,0,0,-0.0211284309626,-0.022335646674,0.418000012636,,,0
1555597512585244550,652,1555597512584234952,/camera_color_optical_frame,marker,0,7,0,0.0,0.0,0.0,0.0,0.0,0.0,0.0,0.04,0.04,0.04,1.0,0.0,0.0,1.0,0,0,-0.0202235206962,-0.0368008539081,0.418000012636,,,0
1555597512637879704,653,1555597512637063980,/camera_color_optical_frame,marker,0,7,0,0.0,0.0,0.0,0.0,0.0,0.0,0.0,0.04,0.04,0.04,1.0,0.0,0.0,1.0,0,0,-0.0156989656389,-0.0395130850375,0.418000012636,,,0
1555597512689379445,654,1555597512688807010,/camera_color_optical_frame,marker,0,7,0,0.0,0.0,0.0,0.0,0.0,0.0,0.0,0.04,0.04,0.04,1.0,0.0,0.0,1.0,0,0,-0.014829447493,-0.0405138507485,0.419000029564,,,0
1555597512746600047,655,1555597512745657920,/camera_color_optical_frame,marker,0,7,0,0.0,0.0,0.0,0.0,0.0,0.0,0.0,0.04,0.04,0.04,1.0,0.0,0.0,1.0,0,0,-0.012984232977,-0.0413212329149,0.418000012636,,,0
1555597512806012487,656,1555597512805084943,/camera_color_optical_frame,marker,0,7,0,0.0,0.0,0.0,0.0,0.0,0.0,0.0,0.04,0.04,0.04,1.0,0.0,0.0,1.0,0,0,-0.0111476788297,-0.0403204672039,0.417000025511,,,0
1555597512860345410,657,1555597512859647035,/camera_color_optical_frame,marker,0,7,0,0.0,0.0,0.0,0.0,0.0,0.0,0.0,0.04,0.04,0.04,1.0,0.0,0.0,1.0,0,0,-0.0093197831884,-0.0402237735689,0.416000008583,,,0
1555597512898682080,658,1555597512898108959,/camera_color_optical_frame,marker,0,7,0,0.0,0.0,0.0,0.0,0.0,0.0,0.0,0.04,0.04,0.04,1.0,0.0,0.0,1.0,0,0,-0.00753669487312,-0.0385166406631,0.417000025511,,,0
1555597512956775345,659,1555597512956067085,/camera_color_optical_frame,marker,0,7,0,0.0,0.0,0.0,0.0,0.0,0.0,0.0,0.04,0.04,0.04,1.0,0.0,0.0,1.0,0,0,-0.00663394900039,-0.0403204672039,0.417000025511,,,0
1555597513015684916,660,1555597513014867067,/camera_color_optical_frame,marker,0,7,0,0.0,0.0,0.0,0.0,0.0,0.0,0.0,0.04,0.04,0.04,1.0,0.0,0.0,1.0,0,0,-0.00301571539603,-0.0294267740101,0.416000008583,,,0
1555597513065032818,661,1555597513064472913,/camera_color_optical_frame,marker,0,7,0,0.0,0.0,0.0,0.0,0.0,0.0,0.0,0.04,0.04,0.04,1.0,0.0,0.0,1.0,0,0,0.0014907651348,-0.0195764731616,0.417000025511,,,0
1555597513119309748,662,1555597513118483066,/camera_color_optical_frame,marker,0,7,0,0.0,0.0,0.0,0.0,0.0,0.0,0.0,0.04,0.04,0.04,1.0,0.0,0.0,1.0,0,0,-0.00300846621394,-0.0185849945992,0.415000021458,,,0
1555597513180927802,663,1555597513179095029,/camera_color_optical_frame,marker,0,7,0,0.0,0.0,0.0,0.0,0.0,0.0,0.0,0.04,0.04,0.04,1.0,0.0,0.0,1.0,0,0,0.000585198868066,-0.0149946464226,0.415000021458,,,0
1555597513243770573,664,1555597513243136882,/camera_color_optical_frame,marker,0,7,0,0.0,0.0,0.0,0.0,0.0,0.0,0.0,0.04,0.04,0.04,1.0,0.0,0.0,1.0,0,0,0.000582378648687,-0.0113493371755,0.413000017405,,,0
1555597513296652453,665,1555597513295861005,/camera_color_optical_frame,marker,0,7,0,0.0,0.0,0.0,0.0,0.0,0.0,0.0,0.04,0.04,0.04,1.0,0.0,0.0,1.0,0,0,0.00508951442316,-0.00603327760473,0.416000008583,,,0
1555597513352905269,666,1555597513352247953,/camera_color_optical_frame,marker,0,7,0,0.0,0.0,0.0,0.0,0.0,0.0,0.0,0.04,0.04,0.04,1.0,0.0,0.0,1.0,0,0,0.00775380013511,-0.000631726579741,0.414000034332,,,0
1555597513408739707,667,1555597513407933950,/camera_color_optical_frame,marker,0,7,0,0.0,0.0,0.0,0.0,0.0,0.0,0.0,0.04,0.04,0.04,1.0,0.0,0.0,1.0,0,0,0.00860826391727,0.00293571921065,0.412000030279,,,0
1555597513468397421,668,1555597513467749118,/camera_color_optical_frame,marker,0,7,0,0.0,0.0,0.0,0.0,0.0,0.0,0.0,0.04,0.04,0.04,1.0,0.0,0.0,1.0,0,0,0.00952324364334,0.00472936779261,0.413000017405,,,0
1555597513530457851,669,1555597513529541015,/camera_color_optical_frame,marker,0,7,0,0.0,0.0,0.0,0.0,0.0,0.0,0.0,0.04,0.04,0.04,1.0,0.0,0.0,1.0,0,0,0.00950018595904,0.00560901453719,0.412000030279,,,0
1555597513582001560,670,1555597513581075906,/camera_color_optical_frame,marker,0,7,0,0.0,0.0,0.0,0.0,0.0,0.0,0.0,0.04,0.04,0.04,1.0,0.0,0.0,1.0,0,0,0.00860826391727,0.00828231032938,0.412000030279,,,0
1555597513632268792,671,1555597513631598949,/camera_color_optical_frame,marker,0,7,0,0.0,0.0,0.0,0.0,0.0,0.0,0.0,0.04,0.04,0.04,1.0,0.0,0.0,1.0,0,0,0.00862915813923,0.0100889354944,0.413000017405,,,0
1555597513692812283,672,1555597513691742897,/camera_color_optical_frame,marker,0,7,0,0.0,0.0,0.0,0.0,0.0,0.0,0.0,0.04,0.04,0.04,1.0,0.0,0.0,1.0,0,0,0.00950018595904,0.0118467044085,0.412000030279,,,0
1555597513752046982,673,1555597513751415014,/camera_color_optical_frame,marker,0,7,0,0.0,0.0,0.0,0.0,0.0,0.0,0.0,0.04,0.04,0.04,1.0,0.0,0.0,1.0,0,0,0.00767888408154,0.0171098336577,0.410000026226,,,0
1555597513817046857,674,1555597513816425085,/camera_color_optical_frame,marker,0,7,0,0.0,0.0,0.0,0.0,0.0,0.0,0.0,0.04,0.04,0.04,1.0,0.0,0.0,1.0,0,0,0.00943100918084,0.0214911513031,0.409000009298,,,0
1555597513864248400,675,1555597513863023042,/camera_color_optical_frame,marker,0,7,0,0.0,0.0,0.0,0.0,0.0,0.0,0.0,0.04,0.04,0.04,1.0,0.0,0.0,1.0,0,0,0.00854558218271,0.028568027541,0.409000009298,,,0
1555597513919317529,676,1555597513918662071,/camera_color_optical_frame,marker,0,7,0,0.0,0.0,0.0,0.0,0.0,0.0,0.0,0.04,0.04,0.04,1.0,0.0,0.0,1.0,0,0,0.00852468889207,0.0311455223709,0.408000022173,,,0
1555597513981474989,677,1555597513980850934,/camera_color_optical_frame,marker,0,7,0,0.0,0.0,0.0,0.0,0.0,0.0,0.0,0.04,0.04,0.04,1.0,0.0,0.0,1.0,0,0,0.00854558218271,0.0338756889105,0.409000009298,,,0
1555597514046051254,678,1555597514045437097,/camera_color_optical_frame,marker,0,7,0,0.0,0.0,0.0,0.0,0.0,0.0,0.0,0.04,0.04,0.04,1.0,0.0,0.0,1.0,0,0,0.00940795056522,0.0417348854244,0.408000022173,,,0
1555597514087853482,679,1555597514086867094,/camera_color_optical_frame,marker,0,7,0,0.0,0.0,0.0,0.0,0.0,0.0,0.0,0.04,0.04,0.04,1.0,0.0,0.0,1.0,0,0,0.00940795056522,0.0505593568087,0.408000022173,,,0
1555597514150092310,680,1555597514149518013,/camera_color_optical_frame,marker,0,7,0,0.0,0.0,0.0,0.0,0.0,0.0,0.0,0.04,0.04,0.04,1.0,0.0,0.0,1.0,0,0,0.00764142628759,0.0514418072999,0.408000022173,,,0
1555597514191926504,681,1555597514191375970,/camera_color_optical_frame,marker,0,7,0,0.0,0.0,0.0,0.0,0.0,0.0,0.0,0.04,0.04,0.04,1.0,0.0,0.0,1.0,0,0,-0.00293597299606,0.0615750588477,0.405000030994,,,0
1555597514246414114,682,1555597514245639085,/camera_color_optical_frame,marker,0,7,0,0.0,0.0,0.0,0.0,0.0,0.0,0.0,0.04,0.04,0.04,1.0,0.0,0.0,1.0,0,0,-0.0037939127069,0.0603993535042,0.403000026941,,,0
1555597514297877018,683,1555597514297096014,/camera_color_optical_frame,marker,0,7,0,0.0,0.0,0.0,0.0,0.0,0.0,0.0,0.04,0.04,0.04,1.0,0.0,0.0,1.0,0,0,-0.0046895085834,0.0624510161579,0.405000030994,,,0
1555597514354553132,684,1555597514353949069,/camera_color_optical_frame,marker,0,7,0,0.0,0.0,0.0,0.0,0.0,0.0,0.0,0.04,0.04,0.04,1.0,0.0,0.0,1.0,0,0,-0.00555253215134,0.0631706118584,0.404000014067,,,0
1555597514405823601,685,1555597514405184984,/camera_color_optical_frame,marker,0,7,0,0.0,0.0,0.0,0.0,0.0,0.0,0.0,0.04,0.04,0.04,1.0,0.0,0.0,1.0,0,0,-0.00731981126592,0.0633269771934,0.405000030994,,,0
1555597514457619562,686,1555597514456990003,/camera_color_optical_frame,marker,0,7,0,0.0,0.0,0.0,0.0,0.0,0.0,0.0,0.04,0.04,0.04,1.0,0.0,0.0,1.0,0,0,-0.00817634072155,0.0631706118584,0.404000014067,,,0
1555597514521210504,687,1555597514520502090,/camera_color_optical_frame,marker,0,7,0,0.0,0.0,0.0,0.0,0.0,0.0,0.0,0.04,0.04,0.04,1.0,0.0,0.0,1.0,0,0,-0.00907334685326,0.0642029345036,0.405000030994,,,0
1555597514567850206,688,1555597514567251920,/camera_color_optical_frame,marker,0,7,0,0.0,0.0,0.0,0.0,0.0,0.0,0.0,0.04,0.04,0.04,1.0,0.0,0.0,1.0,0,0,-0.0108268819749,0.0650788918138,0.405000030994,,,0
1555597514611353421,689,1555597514610682010,/camera_color_optical_frame,marker,0,7,0,0.0,0.0,0.0,0.0,0.0,0.0,0.0,0.04,0.04,0.04,1.0,0.0,0.0,1.0,0,0,-0.0160874892026,0.0668308138847,0.405000030994,,,0
1555597514674945478,690,1555597514674113988,/camera_color_optical_frame,marker,0,7,0,0.0,0.0,0.0,0.0,0.0,0.0,0.0,0.04,0.04,0.04,1.0,0.0,0.0,1.0,0,0,-0.0178410243243,0.0668308138847,0.405000030994,,,0
1555597514732537425,691,1555597514731399059,/camera_color_optical_frame,marker,0,7,0,0.0,0.0,0.0,0.0,0.0,0.0,0.0,0.04,0.04,0.04,1.0,0.0,0.0,1.0,0,0,-0.023101631552,0.0677067711949,0.405000030994,,,0
1555597514789269301,692,1555597514788770914,/camera_color_optical_frame,marker,0,7,0,0.0,0.0,0.0,0.0,0.0,0.0,0.0,0.04,0.04,0.04,1.0,0.0,0.0,1.0,0,0,-0.0257319323719,0.0677067711949,0.405000030994,,,0
1555597514850560105,693,1555597514849636077,/camera_color_optical_frame,marker,0,7,0,0.0,0.0,0.0,0.0,0.0,0.0,0.0,0.04,0.04,0.04,1.0,0.0,0.0,1.0,0,0,-0.0318693071604,0.065954849124,0.405000030994,,,0
1555597514898625030,694,1555597514897912025,/camera_color_optical_frame,marker,0,7,0,0.0,0.0,0.0,0.0,0.0,0.0,0.0,0.04,0.04,0.04,1.0,0.0,0.0,1.0,0,0,-0.0336228422821,0.0615750588477,0.405000030994,,,0
1555597514955484075,695,1555597514954667091,/camera_color_optical_frame,marker,0,7,0,0.0,0.0,0.0,0.0,0.0,0.0,0.0,0.04,0.04,0.04,1.0,0.0,0.0,1.0,0,0,-0.0347551628947,0.0629136189818,0.408000022173,,,0
1555597515008523161,696,1555597515007630109,/camera_color_optical_frame,marker,0,7,0,0.0,0.0,0.0,0.0,0.0,0.0,0.0,0.04,0.04,0.04,1.0,0.0,0.0,1.0,0,0,-0.0457842610776,0.0640444085002,0.404000014067,,,0
1555597515061214983,697,1555597515060677051,/camera_color_optical_frame,marker,0,7,0,0.0,0.0,0.0,0.0,0.0,0.0,0.0,0.04,0.04,0.04,1.0,0.0,0.0,1.0,0,0,-0.0552677549422,0.0647575110197,0.403000026941,,,0
1555597515125358928,698,1555597515124710083,/camera_color_optical_frame,marker,0,7,0,0.0,0.0,0.0,0.0,0.0,0.0,0.0,0.04,0.04,0.04,1.0,0.0,0.0,1.0,0,0,-0.0564188063145,0.0624510161579,0.405000030994,,,0
1555597515190343902,699,1555597515189789056,/camera_color_optical_frame,marker,0,7,0,0.0,0.0,0.0,0.0,0.0,0.0,0.0,0.04,0.04,0.04,1.0,0.0,0.0,1.0,0,0,-0.0616794116795,0.0598231442273,0.405000030994,,,0
1555597515244262852,700,1555597515238673925,/camera_color_optical_frame,marker,0,7,0,0.0,0.0,0.0,0.0,0.0,0.0,0.0,0.04,0.04,0.04,1.0,0.0,0.0,1.0,0,0,-0.0635895654559,0.0547021217644,0.40600001812,,,0
1555597515289809102,701,1555597515289194107,/camera_color_optical_frame,marker,0,7,0,0.0,0.0,0.0,0.0,0.0,0.0,0.0,0.04,0.04,0.04,1.0,0.0,0.0,1.0,0,0,-0.0637461915612,0.0513157211244,0.407000005245,,,0
1555597515338258461,702,1555597515337629079,/camera_color_optical_frame,marker,0,7,0,0.0,0.0,0.0,0.0,0.0,0.0,0.0,0.04,0.04,0.04,1.0,0.0,0.0,1.0,0,0,-0.0628650933504,0.0477945841849,0.407000005245,,,0
1555597515399013882,703,1555597515397761106,/camera_color_optical_frame,marker,0,7,0,0.0,0.0,0.0,0.0,0.0,0.0,0.0,0.04,0.04,0.04,1.0,0.0,0.0,1.0,0,0,-0.0647860765457,0.0443822294474,0.408000022173,,,0
1555597515450441666,704,1555597515449911117,/camera_color_optical_frame,marker,0,7,0,0.0,0.0,0.0,0.0,0.0,0.0,0.0,0.04,0.04,0.04,1.0,0.0,0.0,1.0,0,0,-0.0659912526608,0.0392791517079,0.410000026226,,,0
1555597515508056281,705,1555597515507457017,/camera_color_optical_frame,marker,0,7,0,0.0,0.0,0.0,0.0,0.0,0.0,0.0,0.04,0.04,0.04,1.0,0.0,0.0,1.0,0,0,-0.0679317191243,0.0358192101121,0.411000013351,,,0
1555597515564052227,706,1555597515563266038,/camera_color_optical_frame,marker,0,7,0,0.0,0.0,0.0,0.0,0.0,0.0,0.0,0.04,0.04,0.04,1.0,0.0,0.0,1.0,0,0,-0.0672050863504,0.0341241694987,0.412000030279,,,0
1555597515614662215,707,1555597515613934040,/camera_color_optical_frame,marker,0,7,0,0.0,0.0,0.0,0.0,0.0,0.0,0.0,0.04,0.04,0.04,1.0,0.0,0.0,1.0,0,0,-0.0689889267087,0.0305597744882,0.412000030279,,,0
1555597515663580645,708,1555597515662803888,/camera_color_optical_frame,marker,0,7,0,0.0,0.0,0.0,0.0,0.0,0.0,0.0,0.04,0.04,0.04,1.0,0.0,0.0,1.0,0,0,-0.0689889267087,0.0216487888247,0.412000030279,,,0
1555597515717244616,709,1555597515716654062,/camera_color_optical_frame,marker,0,7,0,0.0,0.0,0.0,0.0,0.0,0.0,0.0,0.04,0.04,0.04,1.0,0.0,0.0,1.0,0,0,-0.0689889267087,0.0189754925668,0.412000030279,,,0
1555597515775081804,710,1555597515774327993,/camera_color_optical_frame,marker,0,7,0,0.0,0.0,0.0,0.0,0.0,0.0,0.0,0.04,0.04,0.04,1.0,0.0,0.0,1.0,0,0,-0.0672050863504,0.0180843938142,0.412000030279,,,0
1555597515828772279,711,1555597515827996969,/camera_color_optical_frame,marker,0,7,0,0.0,0.0,0.0,0.0,0.0,0.0,0.0,0.04,0.04,0.04,1.0,0.0,0.0,1.0,0,0,-0.0673682019114,0.0127687193453,0.413000017405,,,0
1555597515882847115,712,1555597515882311105,/camera_color_optical_frame,marker,0,7,0,0.0,0.0,0.0,0.0,0.0,0.0,0.0,0.04,0.04,0.04,1.0,0.0,0.0,1.0,0,0,-0.0664741173387,0.00830241292715,0.413000017405,,,0
1555597515935340580,713,1555597515934346914,/camera_color_optical_frame,marker,0,7,0,0.0,0.0,0.0,0.0,0.0,0.0,0.0,0.04,0.04,0.04,1.0,0.0,0.0,1.0,0,0,-0.0660563930869,0.00386397121474,0.416000008583,,,0
1555597515999003004,714,1555597515998359918,/camera_color_optical_frame,marker,0,7,0,0.0,0.0,0.0,0.0,0.0,0.0,0.0,0.04,0.04,0.04,1.0,0.0,0.0,1.0,0,0,-0.0649991855025,0.000264334579697,0.415000021458,,,0
1555597516053205994,715,1555597516052555084,/camera_color_optical_frame,marker,0,7,0,0.0,0.0,0.0,0.0,0.0,0.0,0.0,0.04,0.04,0.04,1.0,0.0,0.0,1.0,0,0,-0.0614055208862,-0.00242842664011,0.415000021458,,,0
1555597516101666504,716,1555597516101057052,/camera_color_optical_frame,marker,0,7,0,0.0,0.0,0.0,0.0,0.0,0.0,0.0,0.04,0.04,0.04,1.0,0.0,0.0,1.0,0,0,-0.0520195513964,-0.00879550352693,0.419000029564,,,0
1555597516177908917,717,1555597516177170038,/camera_color_optical_frame,marker,0,7,0,0.0,0.0,0.0,0.0,0.0,0.0,0.0,0.04,0.04,0.04,1.0,0.0,0.0,1.0,0,0,-0.0494159832597,-0.0169921070337,0.420000016689,,,0
1555597516233550402,718,1555597516232994079,/camera_color_optical_frame,marker,0,7,0,0.0,0.0,0.0,0.0,0.0,0.0,0.0,0.04,0.04,0.04,1.0,0.0,0.0,1.0,0,0,-0.0395081825554,-0.0215853862464,0.421000033617,,,0
1555597516287651098,719,1555597516286794900,/camera_color_optical_frame,marker,0,7,0,0.0,0.0,0.0,0.0,0.0,0.0,0.0,0.04,0.04,0.04,1.0,0.0,0.0,1.0,0,0,-0.0385050922632,-0.0197173114866,0.420000016689,,,0
1555597516348607053,720,1555597516347945928,/camera_color_optical_frame,marker,0,7,0,0.0,0.0,0.0,0.0,0.0,0.0,0.0,0.04,0.04,0.04,1.0,0.0,0.0,1.0,0,0,-0.0384134165943,-0.0196703653783,0.419000029564,,,0
1555597516415364882,721,1555597516414836883,/camera_color_optical_frame,marker,0,7,0,0.0,0.0,0.0,0.0,0.0,0.0,0.0,0.04,0.04,0.04,1.0,0.0,0.0,1.0,0,0,-0.0375063419342,-0.0205766037107,0.419000029564,,,0
1555597516468105184,722,1555597516467329978,/camera_color_optical_frame,marker,0,7,0,0.0,0.0,0.0,0.0,0.0,0.0,0.0,0.04,0.04,0.04,1.0,0.0,0.0,1.0,0,0,-0.0355218201876,-0.0177726484835,0.417000025511,,,0
1555597516526420968,723,1555597516525798082,/camera_color_optical_frame,marker,0,7,0,0.0,0.0,0.0,0.0,0.0,0.0,0.0,0.04,0.04,0.04,1.0,0.0,0.0,1.0,0,0,-0.0355218201876,-0.0177726484835,0.417000025511,,,0
1555597516583262987,724,1555597516582710027,/camera_color_optical_frame,marker,0,7,0,0.0,0.0,0.0,0.0,0.0,0.0,0.0,0.04,0.04,0.04,1.0,0.0,0.0,1.0,0,0,-0.0346190743148,-0.0150669096038,0.417000025511,,,0
1555597516636014369,725,1555597516634484052,/camera_color_optical_frame,marker,0,7,0,0.0,0.0,0.0,0.0,0.0,0.0,0.0,0.04,0.04,0.04,1.0,0.0,0.0,1.0,0,0,-0.0336354710162,-0.0141310263425,0.416000008583,,,0
1555597516692976341,726,1555597516692435026,/camera_color_optical_frame,marker,0,7,0,0.0,0.0,0.0,0.0,0.0,0.0,0.0,0.04,0.04,0.04,1.0,0.0,0.0,1.0,0,0,-0.0335546173155,-0.0149946464226,0.415000021458,,,0
1555597516749267961,727,1555597516748727083,/camera_color_optical_frame,marker,0,7,0,0.0,0.0,0.0,0.0,0.0,0.0,0.0,0.04,0.04,0.04,1.0,0.0,0.0,1.0,0,0,-0.0335546173155,-0.0140970582142,0.415000021458,,,0
1555597516798123319,728,1555597516797548055,/camera_color_optical_frame,marker,0,7,0,0.0,0.0,0.0,0.0,0.0,0.0,0.0,0.04,0.04,0.04,1.0,0.0,0.0,1.0,0,0,-0.0345360562205,-0.0132312774658,0.416000008583,,,0
1555597516843137646,729,1555597516842535018,/camera_color_optical_frame,marker,0,7,0,0.0,0.0,0.0,0.0,0.0,0.0,0.0,0.04,0.04,0.04,1.0,0.0,0.0,1.0,0,0,-0.0336354710162,-0.0132312774658,0.416000008583,,,0
1555597516895660592,730,1555597516894777059,/camera_color_optical_frame,marker,0,7,0,0.0,0.0,0.0,0.0,0.0,0.0,0.0,0.04,0.04,0.04,1.0,0.0,0.0,1.0,0,0,-0.0337163284421,-0.0132630839944,0.417000025511,,,0
1555597516940139062,731,1555597516939306974,/camera_color_optical_frame,marker,0,7,0,0.0,0.0,0.0,0.0,0.0,0.0,0.0,0.04,0.04,0.04,1.0,0.0,0.0,1.0,0,0,-0.0336354710162,-0.0132312774658,0.416000008583,,,0
1555597516985049143,732,1555597516984539985,/camera_color_optical_frame,marker,0,7,0,0.0,0.0,0.0,0.0,0.0,0.0,0.0,0.04,0.04,0.04,1.0,0.0,0.0,1.0,0,0,-0.0335546173155,-0.0131994718686,0.415000021458,,,0
1555597517046880987,733,1555597517046139001,/camera_color_optical_frame,marker,0,7,0,0.0,0.0,0.0,0.0,0.0,0.0,0.0,0.04,0.04,0.04,1.0,0.0,0.0,1.0,0,0,-0.0337163284421,-0.0141649963334,0.417000025511,,,0
1555597517096156128,734,1555597517095377922,/camera_color_optical_frame,marker,0,7,0,0.0,0.0,0.0,0.0,0.0,0.0,0.0,0.04,0.04,0.04,1.0,0.0,0.0,1.0,0,0,-0.0328135825694,-0.0141649963334,0.417000025511,,,0
1555597517161772270,735,1555597517160933017,/camera_color_optical_frame,marker,0,7,0,0.0,0.0,0.0,0.0,0.0,0.0,0.0,0.04,0.04,0.04,1.0,0.0,0.0,1.0,0,0,-0.0328135825694,-0.0141649963334,0.417000025511,,,0
1555597517222556948,736,1555597517222023010,/camera_color_optical_frame,marker,0,7,0,0.0,0.0,0.0,0.0,0.0,0.0,0.0,0.04,0.04,0.04,1.0,0.0,0.0,1.0,0,0,-0.0336354710162,-0.0141310263425,0.416000008583,,,0
1555597517265875997,737,1555597517264624118,/camera_color_optical_frame,marker,0,7,0,0.0,0.0,0.0,0.0,0.0,0.0,0.0,0.04,0.04,0.04,1.0,0.0,0.0,1.0,0,0,-0.0328135825694,-0.0141649963334,0.417000025511,,,0
1555597517325547132,738,1555597517324791908,/camera_color_optical_frame,marker,0,7,0,0.0,0.0,0.0,0.0,0.0,0.0,0.0,0.04,0.04,0.04,1.0,0.0,0.0,1.0,0,0,-0.0328135825694,-0.0150669096038,0.417000025511,,,0
1555597517380917569,739,1555597517380187988,/camera_color_optical_frame,marker,0,7,0,0.0,0.0,0.0,0.0,0.0,0.0,0.0,0.04,0.04,0.04,1.0,0.0,0.0,1.0,0,0,-0.0328922718763,-0.0169111918658,0.418000012636,,,0
1555597517441246876,740,1555597517440221071,/camera_color_optical_frame,marker,0,7,0,0.0,0.0,0.0,0.0,0.0,0.0,0.0,0.04,0.04,0.04,1.0,0.0,0.0,1.0,0,0,-0.0328135825694,-0.0159688219428,0.417000025511,,,0
1555597517497875617,741,1555597517497060060,/camera_color_optical_frame,marker,0,7,0,0.0,0.0,0.0,0.0,0.0,0.0,0.0,0.04,0.04,0.04,1.0,0.0,0.0,1.0,0,0,-0.0328922718763,-0.0151030411944,0.418000012636,,,0
1555597517554331575,742,1555597517553744077,/camera_color_optical_frame,marker,0,7,0,0.0,0.0,0.0,0.0,0.0,0.0,0.0,0.04,0.04,0.04,1.0,0.0,0.0,1.0,0,0,-0.0319873616099,-0.0141989644617,0.418000012636,,,0
1555597517603198319,743,1555597517602539062,/camera_color_optical_frame,marker,0,7,0,0.0,0.0,0.0,0.0,0.0,0.0,0.0,0.04,0.04,0.04,1.0,0.0,0.0,1.0,0,0,-0.0319108366966,-0.0132630839944,0.417000025511,,,0
1555597517656899640,744,1555597517655735969,/camera_color_optical_frame,marker,0,7,0,0.0,0.0,0.0,0.0,0.0,0.0,0.0,0.04,0.04,0.04,1.0,0.0,0.0,1.0,0,0,-0.0319108366966,-0.0132630839944,0.417000025511,,,0
1555597517702909457,745,1555597517702217102,/camera_color_optical_frame,marker,0,7,0,0.0,0.0,0.0,0.0,0.0,0.0,0.0,0.04,0.04,0.04,1.0,0.0,0.0,1.0,0,0,-0.0319108366966,-0.0132630839944,0.417000025511,,,0
1555597517756810677,746,1555597517756304979,/camera_color_optical_frame,marker,0,7,0,0.0,0.0,0.0,0.0,0.0,0.0,0.0,0.04,0.04,0.04,1.0,0.0,0.0,1.0,0,0,-0.0310824494809,-0.0178152676672,0.418000012636,,,0
1555597517805559013,747,1555597517804959058,/camera_color_optical_frame,marker,0,7,0,0.0,0.0,0.0,0.0,0.0,0.0,0.0,0.04,0.04,0.04,1.0,0.0,0.0,1.0,0,0,-0.0310824494809,-0.0178152676672,0.418000012636,,,0
1555597517859377526,748,1555597517858417034,/camera_color_optical_frame,marker,0,7,0,0.0,0.0,0.0,0.0,0.0,0.0,0.0,0.04,0.04,0.04,1.0,0.0,0.0,1.0,0,0,-0.0310080908239,-0.0168707352132,0.417000025511,,,0
1555597517917157989,749,1555597517916626930,/camera_color_optical_frame,marker,0,7,0,0.0,0.0,0.0,0.0,0.0,0.0,0.0,0.04,0.04,0.04,1.0,0.0,0.0,1.0,0,0,-0.0310080908239,-0.0168707352132,0.417000025511,,,0
1555597517960903139,750,1555597517959362983,/camera_color_optical_frame,marker,0,7,0,0.0,0.0,0.0,0.0,0.0,0.0,0.0,0.04,0.04,0.04,1.0,0.0,0.0,1.0,0,0,-0.0319108366966,-0.0177726484835,0.417000025511,,,0
1555597518011524190,751,1555597518010871887,/camera_color_optical_frame,marker,0,7,0,0.0,0.0,0.0,0.0,0.0,0.0,0.0,0.04,0.04,0.04,1.0,0.0,0.0,1.0,0,0,-0.0310080908239,-0.0177726484835,0.417000025511,,,0
1555597518059943648,752,1555597518059308052,/camera_color_optical_frame,marker,0,7,0,0.0,0.0,0.0,0.0,0.0,0.0,0.0,0.04,0.04,0.04,1.0,0.0,0.0,1.0,0,0,-0.0319873616099,-0.0178152676672,0.418000012636,,,0
1555597518114931234,753,1555597518114363908,/camera_color_optical_frame,marker,0,7,0,0.0,0.0,0.0,0.0,0.0,0.0,0.0,0.04,0.04,0.04,1.0,0.0,0.0,1.0,0,0,-0.0310080908239,-0.0177726484835,0.417000025511,,,0
1555597518170116320,754,1555597518169559001,/camera_color_optical_frame,marker,0,7,0,0.0,0.0,0.0,0.0,0.0,0.0,0.0,0.04,0.04,0.04,1.0,0.0,0.0,1.0,0,0,-0.0319108366966,-0.0177726484835,0.417000025511,,,0
1555597518235682696,755,1555597518234891891,/camera_color_optical_frame,marker,0,7,0,0.0,0.0,0.0,0.0,0.0,0.0,0.0,0.04,0.04,0.04,1.0,0.0,0.0,1.0,0,0,-0.0310080908239,-0.0177726484835,0.417000025511,,,0
1555597518299047899,756,1555597518298161983,/camera_color_optical_frame,marker,0,7,0,0.0,0.0,0.0,0.0,0.0,0.0,0.0,0.04,0.04,0.04,1.0,0.0,0.0,1.0,0,0,-0.0310080908239,-0.0177726484835,0.417000025511,,,0
1555597518355266488,757,1555597518354707956,/camera_color_optical_frame,marker,0,7,0,0.0,0.0,0.0,0.0,0.0,0.0,0.0,0.04,0.04,0.04,1.0,0.0,0.0,1.0,0,0,-0.0320638865232,-0.0178578887135,0.419000029564,,,0
1555597518403059692,758,1555597518402225971,/camera_color_optical_frame,marker,0,7,0,0.0,0.0,0.0,0.0,0.0,0.0,0.0,0.04,0.04,0.04,1.0,0.0,0.0,1.0,0,0,-0.0310080908239,-0.0177726484835,0.417000025511,,,0
1555597518449605431,759,1555597518448699951,/camera_color_optical_frame,marker,0,7,0,0.0,0.0,0.0,0.0,0.0,0.0,0.0,0.04,0.04,0.04,1.0,0.0,0.0,1.0,0,0,-0.0301775392145,-0.0132948895916,0.418000012636,,,0
1555597518504024064,760,1555597518503210067,/camera_color_optical_frame,marker,0,7,0,0.0,0.0,0.0,0.0,0.0,0.0,0.0,0.04,0.04,0.04,1.0,0.0,0.0,1.0,0,0,-0.0310824494809,-0.0178152676672,0.418000012636,,,0
1555597518560506918,761,1555597518559801101,/camera_color_optical_frame,marker,0,7,0,0.0,0.0,0.0,0.0,0.0,0.0,0.0,0.04,0.04,0.04,1.0,0.0,0.0,1.0,0,0,-0.0310824494809,-0.0178152676672,0.418000012636,,,0
1555597518618335232,762,1555597518617732048,/camera_color_optical_frame,marker,0,7,0,0.0,0.0,0.0,0.0,0.0,0.0,0.0,0.04,0.04,0.04,1.0,0.0,0.0,1.0,0,0,-0.0319873616099,-0.0169111918658,0.418000012636,,,0
1555597518667762884,763,1555597518667167901,/camera_color_optical_frame,marker,0,7,0,0.0,0.0,0.0,0.0,0.0,0.0,0.0,0.04,0.04,0.04,1.0,0.0,0.0,1.0,0,0,-0.0319873616099,-0.0169111918658,0.418000012636,,,0
1555597518712506774,764,1555597518711841106,/camera_color_optical_frame,marker,0,7,0,0.0,0.0,0.0,0.0,0.0,0.0,0.0,0.04,0.04,0.04,1.0,0.0,0.0,1.0,0,0,-0.0310824494809,-0.0169111918658,0.418000012636,,,0
1555597518763979060,765,1555597518763365983,/camera_color_optical_frame,marker,0,7,0,0.0,0.0,0.0,0.0,0.0,0.0,0.0,0.04,0.04,0.04,1.0,0.0,0.0,1.0,0,0,-0.0310824494809,-0.0169111918658,0.418000012636,,,0
1555597518808842809,766,1555597518808325052,/camera_color_optical_frame,marker,0,7,0,0.0,0.0,0.0,0.0,0.0,0.0,0.0,0.04,0.04,0.04,1.0,0.0,0.0,1.0,0,0,-0.0310824494809,-0.0169111918658,0.418000012636,,,0
1555597518851410070,767,1555597518850915908,/camera_color_optical_frame,marker,0,7,0,0.0,0.0,0.0,0.0,0.0,0.0,0.0,0.04,0.04,0.04,1.0,0.0,0.0,1.0,0,0,-0.0311568100005,-0.0169516485184,0.419000029564,,,0
1555597518914224409,768,1555597518913537979,/camera_color_optical_frame,marker,0,7,0,0.0,0.0,0.0,0.0,0.0,0.0,0.0,0.04,0.04,0.04,1.0,0.0,0.0,1.0,0,0,-0.0310080908239,-0.0177726484835,0.417000025511,,,0
1555597518967124373,769,1555597518966161012,/camera_color_optical_frame,marker,0,7,0,0.0,0.0,0.0,0.0,0.0,0.0,0.0,0.04,0.04,0.04,1.0,0.0,0.0,1.0,0,0,-0.0310080908239,-0.0177726484835,0.417000025511,,,0
1555597519035184766,770,1555597519034178018,/camera_color_optical_frame,marker,0,7,0,0.0,0.0,0.0,0.0,0.0,0.0,0.0,0.04,0.04,0.04,1.0,0.0,0.0,1.0,0,0,-0.0311568100005,-0.0178578887135,0.419000029564,,,0
1555597519093833380,771,1555597519093123912,/camera_color_optical_frame,marker,0,7,0,0.0,0.0,0.0,0.0,0.0,0.0,0.0,0.04,0.04,0.04,1.0,0.0,0.0,1.0,0,0,-0.0319873616099,-0.0178152676672,0.418000012636,,,0
1555597519154325157,772,1555597519153590917,/camera_color_optical_frame,marker,0,7,0,0.0,0.0,0.0,0.0,0.0,0.0,0.0,0.04,0.04,0.04,1.0,0.0,0.0,1.0,0,0,-0.0310080908239,-0.0168707352132,0.417000025511,,,0
1555597519230877078,773,1555597519229943990,/camera_color_optical_frame,marker,0,7,0,0.0,0.0,0.0,0.0,0.0,0.0,0.0,0.04,0.04,0.04,1.0,0.0,0.0,1.0,0,0,-0.0310080908239,-0.0168707352132,0.417000025511,,,0
